1,Mario Sánchez,Av. Constitución 1818,555-123478,Callejón Amapolas Residencial Horizonte
2,Raúl Martínez,Av. Castilla 5757,555-345690,Camino Río Azul Colonia Verde
3,Lucía Rodríguez,Calle Los Pinos 1616,555-778811,Calle Jacarandas Fraccionamiento Luceros
4,Juan Pérez,Calle Alta 1717,555-112233,Callejón Sauces Barrio del Lago
5,Sofía Rodríguez,Av. Real 2121,555-567002,Callejón Río Azul Colonia Verde
6,David González,Av. de la Paz 303,555-223344,Calle Bosques Fraccionamiento Luceros
7,David González,Calle Naranja 1515,555-112233,Avenida Sauces Sector Estrella
8,Sofía Rodríguez,Calle Plazuela 5454,555-789134,Callejón Luna Fraccionamiento del Alba
9,Elena Rodríguez,Calle Cielo 1212,555-556677,Callejón Esperanza Residencial Jardines
10,José Antonio Martínez,Calle Luna 505,555-556688,Calle Rocío Colonia Verde
11,Paula Martínez,Calle Ancha 4343,555-789634,Camino Arena Barrio del Lago
12,Patricia Gómez,Calle Ancha 4343,555-223355,Boulevard Maravilla Residencial Jardines
13,Luisa Rodríguez,Calle Luna 4040,555-901856,Boulevard Luna Sector Primavera
14,Sofía Rodríguez,Calle Vista 3131,555-345765,Calle Horizonte Pueblo Tranquilo
15,Juan José Pérez,Calle Vista 3131,555-678523,Camino Girasoles Colonia Verde
16,Verónica González,Av. de las Flores 4848,555-778822,Avenida Cedros Colonia Pinos
17,Mario Sánchez,Calle Desierto 4242,555-345210,Calle Viento Colonia Verde
18,Pedro Sánchez,Calle del Mar 2020,555-334455,Callejón Olivo Fraccionamiento Amanecer
19,Ana María López,Av. España 1414,555-234109,Camino Viento Fraccionamiento Amanecer
20,Mario Sánchez,Calle Real 101,555-778811,Calle Magnolias Barrio Norte
21,Antonio Rodríguez,Avenida Libertad 202,555-012967,Callejón Arena Barrio Nuevo Sol
22,Martín Fernández,Calle Sol 4545,555-234679,Calle Cedros Fraccionamiento del Alba
23,Manuel Gómez,Calle Vista Alegre 1111,555-890745,Callejón Esperanza Barrio Nuevo Sol
24,Isabel Sánchez,Calle Mayor 5656,555-456891,Camino Primavera Residencial Horizonte
25,María González,Av. de las Palmas 2727,555-445577,Avenida Central Residencial Horizonte
26,Ana María López,Av. de los Reyes 4141,555-012208,Avenida Aurora Fraccionamiento del Alba
27,Juan José Pérez,Calle El Pilar 909,555-789134,Calle Bosques Fraccionamiento Amanecer
28,Pedro Martínez,Av. de la Paz 303,555-123019,Camino Magnolias Fraccionamiento Amanecer
29,Sofía Rodríguez,Av. Roma 5252,555-123478,Callejón Brisa Fraccionamiento del Alba
30,Raquel Sánchez,Plaza Mayor 789,555-890745,Avenida Central Barrio del Lago
31,Javier Pérez,Calle del Mar 2020,555-789634,Calle Aurora Barrio Norte
32,Raúl Rodríguez,Calle del Sol 404,555-456311,Callejón Lirios Colonia Pinos
33,Paula Martínez,Calle del Mar 2020,555-567543,Camino Jacarandas Barrio Nuevo Sol
34,Javier Sánchez,Calle del Prado 2828,555-901856,Avenida Magnolias Barrio Nuevo Sol
35,Sofía Rodríguez,Plaza del Sol 3030,555-567543,Callejón Río Azul Residencial Horizonte
36,Alicia Martínez,Calle del Sol 4444,555-890335,Calle Bosques Fraccionamiento del Alba
37,Raquel Sánchez,Av. de los Reyes 606,555-789224,Callejón Horizonte Residencial Horizonte
38,Carlos Martínez,Plaza Mayor 4747,555-990044,Boulevard Tranquilidad Colonia Pinos
39,Cristina Fernández,Calle del Sol 4444,555-567912,Boulevard Lirios Colonia Verde
40,Isabel Sánchez,Calle Cielo 1212,555-334455,Boulevard Olivo Residencial Horizonte
41,Raúl Martínez,Calle Amistad 4949,555-889933,Boulevard Primavera Fraccionamiento del Alba
42,Carlos Sánchez,Av. de la Luna 1919,555-654321,Calle Magnolias Colonia Pinos
43,Raúl Rodríguez,Calle Río 2424,555-778811,Callejón Jazmines Barrio Norte
44,Adrián Rodríguez,Av. Siempre Viva 123,555-556688,Camino Sauces Barrio Norte
45,Elena González,Calle del Sol 404,555-789224,Avenida Bosques Residencial Jardines
46,Verónica González,Plaza Mayor 789,555-234679,Boulevard Almendros Fraccionamiento Luceros
47,David López,Avenida Libertad 202,555-234679,Callejón Sauces Fraccionamiento Luceros
48,Carlos Martínez,Av. Real 2121,555-567543,Boulevard Olivo Barrio del Lago
49,David González,Calle Naranja 1515,555-890245,Camino Rosas Barrio del Lago
50,Marta Sánchez,Calle Alta 1717,555-654321,Callejón Primavera Fraccionamiento Luceros
51,Inés Pérez,Calle Estrella 4646,555-789134,Avenida Brisa Residencial Jardines
52,Carlos Pérez,Av. Constitución 1818,555-678023,Calle Jazmines Fraccionamiento Luceros
53,Isabel Sánchez,Calle Falsa 456,555-901356,Boulevard Arena Colonia Verde
54,Pedro López,Calle Horizonte 5050,555-778811,Boulevard Jacarandas Colonia Verde
55,Carlos Martínez,Calle Vista Alegre 1111,555-901856,Callejón Rosas Residencial Jardines
56,David González,Calle Ancha 4343,555-012208,Avenida Bosques Pueblo Tranquilo
57,Beatriz Rodríguez,Calle Falsa 456,555-667700,Boulevard Río Azul Pueblo Tranquilo
58,Alicia Martínez,Av. de las Flores 4848,555-890210,Boulevard Girasoles Residencial Jardines
59,Javier Sánchez,Calle Nueva 3232,555-992233,Callejón Bosques Barrio Norte
60,Ana López,Plaza del Sol 808,555-890245,Calle Sauces Barrio del Lago
61,Luis Pérez,Plaza Mayor 789,555-778822,Camino Jacarandas Fraccionamiento Luceros
62,Javier Pérez,Calle Plazuela 5454,555-998877,Camino Amapolas Barrio Norte
63,José Antonio Martínez,Calle Río 2424,555-567002,Calle Magnolias Sector Primavera
64,David González,Calle Cielo 1212,555-334466,Callejón Maravilla Barrio Nuevo Sol
65,Beatriz Pérez,Av. Siempre Viva 123,555-112244,Boulevard Esperanza Residencial Horizonte
66,Inés Pérez,Calle Vista 3131,555-678113,Callejón Olivo Residencial Jardines
67,Laura Gómez,Calle Cielo 1212,555-012967,Boulevard Primavera Colonia Pinos
68,David González,Calle Luna 505,555-123578,Callejón Luna Fraccionamiento Luceros
69,Raúl Rodríguez,Av. Siempre Viva 123,555-567912,Avenida Olivo Fraccionamiento Luceros
70,Lucía Rodríguez,Calle del Mar 2020,555-998877,Avenida Almendros Fraccionamiento Amanecer
71,Sofía Rodríguez,Calle Sol 4545,555-345210,Camino Bosques Colonia Pinos
72,Sofía Rodríguez,Calle Alta 1717,555-345780,Avenida Lirios Fraccionamiento Luceros
73,Patricia Gómez,Calle Arco Iris 1313,555-234589,Callejón Esperanza Pueblo Tranquilo
74,Teresa González,Av. de los Reyes 4141,555-901356,Callejón Río Azul Colonia Pinos
75,Ana López,Av. Siempre Viva 123,555-678432,Camino Brisa Barrio Norte
76,José Antonio Martínez,Calle San Juan 707,555-678113,Calle Amapolas Sector Estrella
77,Pedro Martínez,Calle del Lago 3434,555-345210,Camino Almendros Sector Primavera
78,Isabel Sánchez,Calle Naranja 1515,555-678523,Camino Jacarandas Sector Estrella
79,Paula Martínez,Calle Santa Fe 2323,555-556688,Avenida Lirios Colonia Verde
80,Adrián Rodríguez,Plaza Mayor 4747,555-567002,Callejón Esperanza Sector Primavera
81,Javier González,Av. de las Palmas 2727,555-234109,Calle Luna Barrio del Lago
82,Teresa González,Av. Real 2121,555-789224,Callejón Primavera Sector Estrella
83,Carlos Pérez,Calle Sierra 3939,555-456654,Boulevard Viento Barrio Nuevo Sol
84,Adriana González,Av. de la Luna 1919,555-667799,Camino Horizonte Barrio del Lago
85,David González,Calle Plazuela 5454,555-678523,Callejón Rosas Pueblo Tranquilo
86,Raúl Rodríguez,Calle Arco Iris 1313,555-890745,Callejón Esperanza Residencial Jardines
87,Raúl Rodríguez,Calle del Prado 2828,555-123478,Callejón Amapolas Residencial Horizonte
88,María García,Calle Santa Fe 2323,555-890335,Boulevard Central Fraccionamiento Amanecer
89,Carlos Martínez,Av. Siempre Viva 123,555-456801,Camino Rocío Residencial Jardines
90,Esteban Fernández,Av. del Sol 2525,555-123987,Callejón Olivo Barrio Norte
91,David González,Calle Estrella 4646,555-234876,Calle Jacarandas Barrio Norte
92,David González,Calle Sierra 3939,555-345690,Callejón Maravilla Barrio del Lago
93,Patricia Gómez,Av. del Sol 2525,555-567412,Avenida Brisa Residencial Horizonte
94,Verónica González,Calle Sol 3838,555-334455,Boulevard Sauces Sector Estrella
95,José Manuel Martínez,Calle Ancha 4343,555-678023,Camino Brisa Fraccionamiento Amanecer
96,José Manuel Martínez,Avenida Libertad 202,555-890335,Boulevard Almendros Sector Estrella
97,Alicia Sánchez,Calle Ancha 4343,555-778822,Camino Arena Barrio Nuevo Sol
98,Cristina Fernández,Av. de la Paz 303,555-567912,Avenida Esperanza Barrio del Lago
99,Fernando Pérez,Plaza Mayor 2222,555-789224,Callejón Sauces Barrio Norte
100,Carlos Pérez,Plaza Mayor 2222,555-901856,Camino Lirios Fraccionamiento Amanecer
101,Beatriz Pérez,Av. del Sol 2525,555-889922,Camino Olivo Colonia Pinos
102,Beatriz Pérez,Calle Los Pinos 1616,555-456311,Calle Magnolias Colonia Verde
103,Javier Pérez,Calle Roque 5353,555-123478,Avenida Jazmines Fraccionamiento Luceros
104,Antonio Sánchez,Calle Falsa 456,555-667700,Calle Jazmines Colonia Verde
105,Cristina Fernández,Calle Ancha 4343,555-223344,Avenida Central Fraccionamiento Luceros
106,Inés Pérez,Plaza Mayor 2222,555-123578,Avenida Central Colonia Verde
107,Sofía Rodríguez,Calle Plazuela 5454,555-678523,Callejón Rocío Fraccionamiento Amanecer
108,Elena González,Calle Arco Iris 1313,555-890335,Avenida Bosques Pueblo Tranquilo
109,Alicia Sánchez,Calle Nueva 2626,555-445566,Boulevard Cedros Fraccionamiento del Alba
110,Lucía Rodríguez,Calle del Sol 404,555-334466,Callejón Brisa Fraccionamiento del Alba
111,Alicia Martínez,Calle Luna 505,555-678023,Camino Viento Colonia Verde
112,Raquel Sánchez,Av. España 1010,555-112244,Callejón Brisa Residencial Jardines
113,Francisco Rodríguez,Av. de las Flores 4848,555-889922,Callejón Olivo Sector Estrella
114,Inés Pérez,Av. de la Luna 1919,555-998877,Callejón Estrella Fraccionamiento Luceros
115,Fernando Pérez,Calle Nueva 3232,555-112233,Boulevard Central Residencial Horizonte
116,Antonio Rodríguez,Plaza Independencia 5151,555-234679,Boulevard Esperanza Fraccionamiento del Alba
117,Antonio Sánchez,Calle Nueva 2626,555-012208,Camino Lirios Barrio del Lago
118,Sofía Rodríguez,Av. España 3636,555-678113,Boulevard Magnolias Fraccionamiento Luceros
119,Antonio Sánchez,Calle Ancha 4343,555-667799,Camino Cedros Colonia Verde
120,Javier Sánchez,Calle Vista Alegre 1111,555-678023,Camino Brisa Fraccionamiento Amanecer
121,Francisco Rodríguez,Av. Siempre Viva 123,555-234876,Callejón Cedros Barrio del Lago
122,Ricardo López,Av. de la Luna 1919,555-901856,Boulevard Horizonte Fraccionamiento Luceros
123,Juan José Pérez,Av. Constitución 1818,555-123578,Callejón Maravilla Residencial Jardines
124,Luis Pérez,Calle Ancha 4343,555-567912,Callejón Lirios Sector Primavera
125,Ana López,Av. España 1010,555-789012,Camino Maravilla Barrio Norte
126,María González,Calle Naranja 1515,555-445566,Boulevard Luna Barrio Nuevo Sol
127,María García,Av. del Sol 2525,555-567543,Camino Sauces Fraccionamiento Luceros
128,Sofía Rodríguez,Av. de la Luna 1919,555-123987,Avenida Estrella Barrio Norte
129,Verónica González,Av. España 3636,555-345690,Callejón Magnolias Fraccionamiento Amanecer
130,Carmen Pérez,Calle Real 101,555-123019,Avenida Girasoles Barrio del Lago
131,Esteban Fernández,Avenida Libertad 202,555-667799,Callejón Brisa Fraccionamiento del Alba
132,Pedro Sánchez,Calle Plazuela 5454,555-998877,Avenida Jazmines Pueblo Tranquilo
133,Isabel Pérez,Av. Castilla 5757,555-012967,Avenida Sauces Sector Primavera
134,Verónica González,Av. Real 2121,555-123456,Callejón Horizonte Sector Primavera
135,Antonio Rodríguez,Av. de la Paz 303,555-445566,Callejón Viento Colonia Verde
136,Elena González,Calle Nueva 2626,555-556677,Callejón Jazmines Colonia Pinos
137,Raquel Sánchez,Calle Santa Fe 2323,555-223355,Calle Maravilla Residencial Horizonte
138,Luis Pérez,Plaza del Sol 3030,555-334455,Camino Girasoles Fraccionamiento Amanecer
139,Luis Pérez,Calle del Sol 4444,555-567912,Boulevard Sauces Pueblo Tranquilo
140,Pedro Martínez,Av. Siempre Viva 123,555-234876,Avenida Luna Fraccionamiento Luceros
141,Sofía Rodríguez,Av. Siempre Viva 123,555-345780,Calle Sauces Residencial Horizonte
142,Carlos Martínez,Calle del Mar 2020,555-667799,Calle Rosas Pueblo Tranquilo
143,Adriana González,Calle Larga 3333,555-123987,Avenida Luna Fraccionamiento Amanecer
144,Paula Martínez,Calle de la Paz 5555,555-667799,Callejón Jacarandas Residencial Horizonte
145,Sofía Rodríguez,Calle Río 2424,555-223355,Camino Almendros Barrio Nuevo Sol
146,Pedro López,Calle Nueva 3232,555-567543,Boulevard Jazmines Residencial Jardines
147,Beatriz Rodríguez,Calle Larga 3333,555-345210,Avenida Viento Sector Primavera
148,Pedro Martínez,Plaza del Sol 3030,555-334466,Avenida Luna Colonia Verde
149,Marta Sánchez,Av. España 3636,555-789634,Avenida Rosas Barrio Norte
150,José Antonio Martínez,Plaza Mayor 2222,555-345210,Callejón Brisa Colonia Pinos
151,José Luis Martínez,Calle Horizonte 5050,555-789634,Calle Jazmines Fraccionamiento del Alba
152,Elena González,Calle Sol 4545,555-678432,Calle Arena Fraccionamiento Amanecer
153,Francisco Rodríguez,Av. de las Palmas 2727,555-789134,Callejón Esperanza Barrio del Lago
154,Pedro Martínez,Av. Constitución 1818,555-445577,Camino Bosques Colonia Verde
155,Pedro López,Calle Sierra 3939,555-234679,Callejón Magnolias Colonia Pinos
156,José Rodríguez,Calle Arco Iris 1313,555-778811,Callejón Viento Colonia Verde
157,Carlos Pérez,Calle Sierra 3939,555-667788,Boulevard Viento Sector Primavera
158,Pedro Martínez,Calle del Sol 404,555-345780,Camino Magnolias Fraccionamiento del Alba
159,Carmen Pérez,Calle Horizonte 5050,555-890335,Camino Jacarandas Pueblo Tranquilo
160,David González,Calle del Lago 3434,555-889933,Callejón Viento Colonia Verde
161,Verónica García,Calle Santa Fe 2323,555-456801,Boulevard Magnolias Sector Estrella
162,Javier González,Av. de las Flores 4848,555-678432,Boulevard Maravilla Barrio Norte
163,Fernando Pérez,Calle Río 2424,555-012208,Calle Amapolas Residencial Horizonte
164,Raquel Sánchez,Calle Horizonte 5050,555-890210,Calle Rocío Pueblo Tranquilo
165,Alicia Martínez,Calle Vista 3131,555-667799,Calle Jazmines Colonia Pinos
166,David López,Av. Castilla 5757,555-445566,Callejón Rosas Fraccionamiento del Alba
167,Ana María López,Calle Río 2424,555-654321,Boulevard Horizonte Residencial Jardines
168,Fernando Pérez,Calle Santa Fe 2323,555-678023,Callejón Sauces Colonia Verde
169,Adrián Rodríguez,Av. de las Palmas 2727,555-678023,Callejón Central Barrio del Lago
170,Patricia Gómez,Calle Arco Iris 1313,555-123456,Boulevard Rosas Barrio del Lago
171,Marta López,Calle Nueva 3232,555-123578,Boulevard Olivo Barrio del Lago
172,Ricardo López,Av. de los Reyes 606,555-998877,Boulevard Viento Barrio del Lago
173,Alicia Sánchez,Calle Santa Fe 2323,555-556677,Avenida Amapolas Fraccionamiento Luceros
174,Teresa González,Calle Sierra 3939,555-234679,Callejón Cedros Sector Estrella
175,Alicia Martínez,Av. de los Reyes 606,555-345780,Avenida Horizonte Sector Primavera
176,Pedro Martínez,Plaza Independencia 5151,555-678113,Callejón Río Azul Residencial Horizonte
177,Antonio Sánchez,Calle Río 2424,555-567412,Camino Viento Fraccionamiento Luceros
178,Javier Sánchez,Plaza del Sol 3030,555-901856,Callejón Rosas Pueblo Tranquilo
179,Esteban Fernández,Calle Sol 4545,555-445566,Boulevard Amapolas Barrio del Lago
180,David López,Calle Ancha 4343,555-123578,Camino Cedros Fraccionamiento del Alba
181,Luis Pérez,Calle Plazuela 5454,555-345780,Calle Almendros Fraccionamiento del Alba
182,Antonio Sánchez,Plaza Mayor 789,555-567912,Boulevard Arena Residencial Jardines
183,Martín López,Calle Vista 3131,555-901856,Camino Río Azul Pueblo Tranquilo
184,Antonio Rodríguez,Calle Mayor 5656,555-456311,Callejón Estrella Sector Estrella
185,Verónica González,Plaza Mayor 2222,555-778811,Boulevard Viento Barrio Nuevo Sol
186,Francisco Rodríguez,Avenida Libertad 202,555-012208,Calle Horizonte Colonia Verde
187,Adrián Rodríguez,Calle Sol 4545,555-567412,Avenida Cedros Pueblo Tranquilo
188,Sofía Rodríguez,Avenida Libertad 202,555-678023,Avenida Estrella Sector Primavera
189,Raquel Sánchez,Calle Nueva 3232,555-778811,Camino Almendros Barrio Norte
190,Sofía Rodríguez,Calle del Río 3535,555-890745,Callejón Almendros Fraccionamiento Amanecer
191,Teresa González,Calle Horizonte 5050,555-667700,Avenida Rosas Barrio Norte
192,Ricardo López,Calle de la Paz 5555,555-445577,Camino Sauces Residencial Jardines
193,Laura Gómez,Calle Larga 3333,555-990044,Avenida Río Azul Residencial Jardines
194,Ana López,Av. de las Palmas 2727,555-223344,Avenida Estrella Barrio del Lago
195,José Fernández,Av. de las Flores 4848,555-654321,Boulevard Estrella Fraccionamiento Luceros
196,Marta Sánchez,Calle Arco Iris 1313,555-789134,Boulevard Cedros Residencial Horizonte
197,Martín López,Av. Central 3737,555-445566,Callejón Primavera Fraccionamiento Luceros
198,José Manuel Martínez,Av. de la Luna 1919,555-789224,Avenida Amapolas Colonia Verde
199,Lucía Rodríguez,Calle del Lago 3434,555-889933,Camino Viento Colonia Pinos
200,Pedro Martínez,Calle del Prado 2828,555-789224,Avenida Tranquilidad Residencial Horizonte
201,Carlos Pérez,Calle Santa Fe 2323,555-778811,Camino Amapolas Sector Estrella
202,Francisco Rodríguez,Calle San Juan 707,555-789012,Calle Arena Pueblo Tranquilo
203,Carlos Pérez,Av. de los Reyes 4141,555-123019,Avenida Viento Colonia Pinos
204,David González,Av. Real 2121,555-345780,Camino Luna Fraccionamiento del Alba
205,Verónica González,Calle Falsa 456,555-123578,Calle Brisa Sector Estrella
206,Isabel Sánchez,Av. Real 2121,555-445577,Camino Rosas Residencial Jardines
207,Lucía Rodríguez,Calle Sierra 3939,555-567002,Boulevard Girasoles Sector Primavera
208,Paula Martínez,Av. Castilla 5757,555-889922,Callejón Esperanza Sector Estrella
209,Sofía Rodríguez,Calle del Prado 2828,555-456891,Boulevard Maravilla Residencial Jardines
210,Martín López,Av. del Sol 2525,555-345780,Camino Central Sector Estrella
211,Isabel Sánchez,Calle San Juan 707,555-890745,Calle Lirios Colonia Verde
212,Teresa González,Plaza del Sol 808,555-012467,Calle Lirios Residencial Horizonte
213,Martín López,Calle Plazuela 5454,555-112233,Camino Cedros Residencial Horizonte
214,David González,Calle Naranja 1515,555-567412,Calle Río Azul Fraccionamiento del Alba
215,José Rodríguez,Av. Siempre Viva 123,555-678523,Boulevard Aurora Sector Primavera
216,Javier Sánchez,Plaza del Sol 3030,555-234679,Avenida Tranquilidad Sector Primavera
217,Juan José Pérez,Av. de las Flores 4848,555-890745,Boulevard Magnolias Pueblo Tranquilo
218,José Antonio Martínez,Calle del Mar 2020,555-889922,Avenida Lirios Colonia Verde
219,Inés Pérez,Plaza del Sol 3030,555-234679,Avenida Magnolias Barrio Nuevo Sol
220,Carlos Pérez,Calle Nueva 3232,555-890245,Camino Viento Barrio del Lago
221,Marta López,Calle Larga 3333,555-456891,Calle Rosas Fraccionamiento Luceros
222,Sofía Rodríguez,Calle Plazuela 5454,555-456311,Calle Sauces Residencial Jardines
223,Isabel Sánchez,Calle El Pilar 909,555-012467,Boulevard Cedros Barrio del Lago
224,José Fernández,Calle Ancha 4343,555-334455,Avenida Tranquilidad Barrio Norte
225,Alicia Martínez,Calle Vista 3131,555-789224,Callejón Jacarandas Fraccionamiento Amanecer
226,Lucía Rodríguez,Av. Siempre Viva 123,555-112233,Avenida Almendros Sector Estrella
227,Joaquín Gómez,Plaza Mayor 789,555-123987,Boulevard Viento Pueblo Tranquilo
228,Elena Rodríguez,Calle Los Pinos 1616,555-667799,Boulevard Tranquilidad Residencial Horizonte
229,Raúl Rodríguez,Av. Central 3737,555-901356,Boulevard Girasoles Fraccionamiento Luceros
230,Patricia Gómez,Calle Plazuela 5454,555-556688,Callejón Brisa Residencial Jardines
231,Carlos Martínez,Calle Real 2929,555-678023,Camino Brisa Residencial Jardines
232,David López,Plaza Mayor 4747,555-890210,Avenida Central Pueblo Tranquilo
233,Javier Sánchez,Av. Roma 5252,555-445566,Boulevard Central Fraccionamiento Luceros
234,Marta López,Calle Roque 5353,555-678023,Callejón Luna Fraccionamiento Luceros
235,Isabel Pérez,Av. de la Paz 303,555-889933,Calle Brisa Colonia Verde
236,Javier Sánchez,Calle del Lago 3434,555-789134,Callejón Magnolias Residencial Jardines
237,Carlos Pérez,Av. España 1414,555-456891,Calle Luna Fraccionamiento del Alba
238,Antonio Rodríguez,Calle Luna 505,555-789634,Callejón Girasoles Residencial Jardines
239,Carlos Martínez,Plaza Independencia 5151,555-345690,Camino Luna Colonia Verde
240,Mario Sánchez,Av. Castilla 5757,555-890210,Avenida Cedros Residencial Horizonte
241,Javier González,Calle Plazuela 5454,555-445566,Boulevard Jazmines Fraccionamiento Amanecer
242,Pedro Sánchez,Plaza Mayor 4747,555-889922,Boulevard Luna Fraccionamiento del Alba
243,Elena González,Av. Central 3737,555-567912,Calle Viento Sector Primavera
244,Antonio Sánchez,Calle Río 2424,555-678523,Callejón Bosques Pueblo Tranquilo
245,Francisco Rodríguez,Calle del Lago 3434,555-567412,Avenida Almendros Barrio del Lago
246,Cristina Fernández,Plaza Mayor 789,555-456891,Camino Brisa Sector Primavera
247,Mario Sánchez,Calle Luna 4040,555-990044,Boulevard Lirios Fraccionamiento Amanecer
248,Manuel Gómez,Calle del Lago 3434,555-456654,Callejón Jacarandas Sector Primavera
249,Cristina Fernández,Calle Falsa 456,555-345780,Callejón Rocío Barrio del Lago
250,Paula Martínez,Av. Roma 5252,555-556677,Calle Tranquilidad Colonia Pinos
251,Ana María López,Calle del Mar 2020,555-123456,Camino Cedros Residencial Horizonte
252,Laura Gómez,Calle Plazuela 5454,555-112233,Boulevard Aurora Residencial Horizonte
253,Javier Pérez,Calle Luna 505,555-445577,Callejón Sauces Fraccionamiento del Alba
254,Pedro Sánchez,Calle Río 2424,555-567543,Callejón Esperanza Residencial Jardines
255,Ana López,Calle del Sol 404,555-889922,Callejón Brisa Barrio Nuevo Sol
256,Carlos Pérez,Calle Larga 3333,555-556677,Avenida Horizonte Fraccionamiento Amanecer
257,Carlos Pérez,Calle Luna 4040,555-990044,Camino Amapolas Barrio Nuevo Sol
258,Joaquín Gómez,Calle Falsa 456,555-012967,Callejón Maravilla Residencial Jardines
259,David González,Av. Roma 5252,555-234876,Camino Estrella Pueblo Tranquilo
260,Luis Pérez,Calle del Río 3535,555-778811,Camino Tranquilidad Barrio Nuevo Sol
261,Carlos Pérez,Calle Nueva 3232,555-456654,Avenida Esperanza Sector Estrella
262,Javier Sánchez,Av. de los Reyes 606,555-789321,Boulevard Central Fraccionamiento Amanecer
263,José Rodríguez,Calle El Pilar 909,555-123478,Callejón Aurora Barrio del Lago
264,Mario Sánchez,Av. España 1414,555-678023,Boulevard Viento Fraccionamiento Luceros
265,Paula Martínez,Calle Real 101,555-992233,Boulevard Olivo Fraccionamiento Luceros
266,Carlos Pérez,Av. de los Reyes 4141,555-556688,Callejón Lirios Sector Primavera
267,Esteban Fernández,Calle Horizonte 5050,555-123578,Avenida Luna Residencial Jardines
268,José Manuel Martínez,Plaza del Sol 808,555-223355,Avenida Almendros Fraccionamiento Luceros
269,Manuel Gómez,Av. Central 3737,555-889933,Camino Luna Fraccionamiento Amanecer
270,Javier Pérez,Av. Roma 5252,555-678523,Avenida Amapolas Fraccionamiento Amanecer
271,Javier González,Plaza Independencia 5151,555-890335,Calle Central Fraccionamiento Luceros
272,Ana López,Calle del Sol 404,555-223355,Boulevard Primavera Colonia Pinos
273,Verónica González,Calle Santa Fe 2323,555-992233,Boulevard Jacarandas Residencial Jardines
274,Carlos Pérez,Calle El Pilar 909,555-556677,Callejón Central Colonia Verde
275,Javier Sánchez,Av. de los Reyes 4141,555-789134,Camino Esperanza Colonia Pinos
276,Antonio Rodríguez,Calle del Mar 2020,555-889922,Boulevard Girasoles Residencial Horizonte
277,Esteban Fernández,Calle Cielo 1212,555-456801,Boulevard Arena Fraccionamiento Amanecer
278,David López,Calle Naranja 1515,555-678113,Avenida Primavera Pueblo Tranquilo
279,Beatriz Pérez,Calle Real 101,555-990044,Calle Sauces Sector Estrella
280,Beatriz Rodríguez,Calle Real 2929,555-678113,Calle Sauces Colonia Pinos
281,Antonio Rodríguez,Calle San Juan 707,555-556688,Avenida Amapolas Residencial Horizonte
282,Raquel Sánchez,Calle Sierra 3939,555-345780,Camino Viento Fraccionamiento Luceros
283,Adriana González,Calle Ancha 4343,555-678432,Avenida Sauces Colonia Verde
284,Marta López,Av. de la Paz 303,555-901856,Callejón Maravilla Fraccionamiento Luceros
285,Cristina Fernández,Av. Real 2121,555-456891,Avenida Amapolas Colonia Verde
286,José Fernández,Calle Los Pinos 1616,555-234679,Camino Estrella Sector Estrella
287,Pedro Martínez,Calle Mayor 5656,555-998877,Boulevard Jacarandas Fraccionamiento del Alba
288,Luis Pérez,Calle Arco Iris 1313,555-889933,Calle Brisa Barrio Norte
289,Esteban Fernández,Calle del Sol 4444,555-567412,Camino Luna Colonia Pinos
290,José Rodríguez,Calle de la Paz 5555,555-445566,Calle Cedros Barrio del Lago
291,Lucía Rodríguez,Calle Sol 4545,555-234679,Calle Bosques Colonia Verde
292,Adriana González,Av. de las Palmas 2727,555-789012,Avenida Horizonte Residencial Horizonte
293,Pedro López,Av. Central 3737,555-678523,Boulevard Bosques Fraccionamiento del Alba
294,Teresa González,Calle Real 2929,555-789012,Boulevard Rosas Sector Estrella
295,Pedro Sánchez,Calle Alta 1717,555-012208,Camino Girasoles Barrio del Lago
296,Raúl Martínez,Calle del Lago 3434,555-567912,Boulevard Aurora Pueblo Tranquilo
297,Marta Sánchez,Calle Cielo 1212,555-990044,Callejón Lirios Colonia Verde
298,David González,Calle San Juan 707,555-345765,Camino Río Azul Pueblo Tranquilo
299,Carlos Sánchez,Calle San Juan 707,555-654321,Avenida Arena Barrio del Lago
300,Sofía Rodríguez,Av. Castilla 5757,555-345765,Boulevard Primavera Barrio Norte
301,Pedro Martínez,Av. del Sol 2525,555-234679,Calle Jacarandas Barrio Norte
302,Fernando Pérez,Av. de la Paz 303,555-345690,Avenida Tranquilidad Residencial Jardines
303,Antonio Rodríguez,Calle del Sol 404,555-890745,Calle Olivo Sector Primavera
304,Carlos Martínez,Av. España 3636,555-567002,Camino Luna Residencial Jardines
305,Mario Sánchez,Calle del Mar 2020,555-901856,Calle Bosques Fraccionamiento Amanecer
306,Beatriz Rodríguez,Calle Cielo 1212,555-012208,Camino Tranquilidad Pueblo Tranquilo
307,Alicia Sánchez,Calle Ancha 4343,555-334455,Boulevard Estrella Residencial Jardines
308,Isabel Sánchez,Av. Constitución 1818,555-123987,Camino Arena Colonia Pinos
309,Verónica González,Calle Real 2929,555-556677,Callejón Magnolias Fraccionamiento Amanecer
310,Marta Sánchez,Calle del Sol 404,555-654321,Boulevard Río Azul Sector Estrella
311,Verónica González,Plaza Mayor 2222,555-234109,Calle Brisa Fraccionamiento Luceros
312,Cristina Fernández,Calle Mayor 5656,555-223344,Boulevard Aurora Fraccionamiento del Alba
313,Carlos Pérez,Calle del Río 3535,555-334455,Callejón Luna Residencial Horizonte
314,Carlos Sánchez,Av. de los Reyes 4141,555-667700,Calle Estrella Sector Estrella
315,Elena Rodríguez,Calle del Lago 3434,555-223344,Avenida Rosas Sector Primavera
316,Adriana González,Calle Luna 505,555-678432,Boulevard Olivo Colonia Pinos
317,Patricia Gómez,Calle Nueva 2626,555-990044,Boulevard Rosas Colonia Verde
318,Lucía Rodríguez,Calle Desierto 4242,555-345690,Callejón Brisa Barrio del Lago
319,Isabel Sánchez,Av. de los Reyes 4141,555-012967,Callejón Esperanza Pueblo Tranquilo
320,Fernando Pérez,Calle Naranja 1515,555-678113,Boulevard Central Pueblo Tranquilo
321,David González,Calle Los Pinos 1616,555-345690,Callejón Sauces Residencial Horizonte
322,Martín Fernández,Plaza Mayor 2222,555-456891,Camino Tranquilidad Barrio Norte
323,Raquel Sánchez,Av. Real 2121,555-012208,Boulevard Bosques Pueblo Tranquilo
324,Verónica García,Calle Alta 1717,555-654321,Callejón Arena Fraccionamiento Luceros
325,Antonio Rodríguez,Av. de las Palmas 2727,555-123578,Camino Magnolias Residencial Jardines
326,Pedro Sánchez,Calle del Lago 3434,555-012967,Boulevard Bosques Colonia Verde
327,José Manuel Martínez,Av. Central 3737,555-889933,Calle Sauces Fraccionamiento Amanecer
328,Sofía Rodríguez,Calle Vista Alegre 1111,555-223344,Calle Lirios Fraccionamiento del Alba
329,Pedro Sánchez,Calle Arco Iris 1313,555-778822,Avenida Central Colonia Pinos
330,Javier González,Calle del Sol 4444,555-789012,Boulevard Rosas Sector Primavera
331,José Luis Martínez,Av. de las Palmas 2727,555-334455,Calle Horizonte Residencial Jardines
332,Pedro Sánchez,Calle Real 101,555-456801,Avenida Bosques Residencial Jardines
333,María González,Calle Roque 5353,555-998877,Camino Aurora Fraccionamiento Amanecer
334,Pedro Sánchez,Calle Real 101,555-678113,Calle Primavera Sector Estrella
335,Antonio Sánchez,Calle Nueva 2626,555-556688,Camino Jazmines Sector Estrella
336,María González,Av. de la Luna 1919,555-223344,Avenida Jacarandas Sector Estrella
337,Esteban Fernández,Calle del Prado 2828,555-234876,Camino Arena Barrio del Lago
338,Isabel Sánchez,Av. Central 3737,555-678023,Camino Jazmines Barrio Nuevo Sol
339,Raúl Martínez,Calle Mayor 5656,555-667788,Callejón Tranquilidad Sector Estrella
340,David López,Plaza Independencia 5151,555-667799,Camino Lirios Colonia Verde
341,Carlos Pérez,Av. España 1010,555-345765,Callejón Magnolias Fraccionamiento del Alba
342,Pedro López,Calle Falsa 456,555-223355,Calle Central Barrio Norte
343,María González,Av. España 1414,555-012208,Boulevard Jacarandas Fraccionamiento Luceros
344,Juan José Pérez,Av. España 3636,555-567412,Callejón Sauces Fraccionamiento Luceros
345,Pedro López,Calle San Juan 707,555-667799,Callejón Olivo Fraccionamiento Amanecer
346,Mario Sánchez,Calle Falsa 456,555-012467,Calle Tranquilidad Sector Primavera
347,José Rodríguez,Calle Alta 1717,555-112244,Avenida Arena Barrio del Lago
348,Beatriz Pérez,Av. de la Paz 303,555-234109,Callejón Olivo Residencial Jardines
349,Marta Sánchez,Av. Siempre Viva 123,555-456654,Calle Olivo Residencial Jardines
350,Raúl Rodríguez,Calle El Pilar 909,555-890245,Camino Central Barrio Norte
351,Adrián Rodríguez,Calle del Prado 2828,555-456654,Boulevard Jacarandas Pueblo Tranquilo
352,Manuel Gómez,Av. Roma 5252,555-112233,Calle Rocío Fraccionamiento Luceros
353,Javier Sánchez,Calle Santa Fe 2323,555-123019,Boulevard Esperanza Fraccionamiento Luceros
354,Adriana González,Calle Alta 1717,555-667788,Boulevard Girasoles Residencial Horizonte
355,Antonio Rodríguez,Calle Plazuela 5454,555-998877,Avenida Olivo Sector Primavera
356,José Antonio Martínez,Calle Sierra 3939,555-998877,Camino Jacarandas Barrio Norte
357,Isabel Pérez,Calle Vista 3131,555-456654,Boulevard Rosas Colonia Pinos
358,Beatriz Pérez,Calle Roque 5353,555-234109,Calle Jacarandas Fraccionamiento Amanecer
359,Luisa Rodríguez,Calle Estrella 4646,555-778822,Camino Tranquilidad Residencial Horizonte
360,Adriana González,Av. España 1010,555-456891,Avenida Amapolas Sector Primavera
361,Adriana González,Calle Luna 4040,555-667700,Avenida Luna Residencial Horizonte
362,David González,Calle Sol 3838,555-889922,Boulevard Rocío Colonia Verde
363,Pedro López,Calle Plazuela 5454,555-678113,Callejón Primavera Fraccionamiento del Alba
364,Esteban Fernández,Calle Amistad 4949,555-112244,Avenida Maravilla Colonia Verde
365,Teresa González,Av. España 1414,555-567002,Camino Magnolias Barrio del Lago
366,Alicia Martínez,Calle de la Paz 5555,555-456311,Calle Brisa Barrio Norte
367,Isabel Pérez,Calle del Sol 404,555-678523,Callejón Maravilla Barrio del Lago
368,Carlos Martínez,Calle Arco Iris 1313,555-789634,Callejón Central Barrio Norte
369,Javier Sánchez,Plaza Independencia 5151,555-789134,Callejón Cedros Pueblo Tranquilo
370,Manuel Gómez,Calle del Sol 404,555-789012,Calle Horizonte Residencial Jardines
371,Beatriz Rodríguez,Calle Naranja 1515,555-654321,Calle Bosques Sector Estrella
372,Manuel Gómez,Calle Real 2929,555-012208,Avenida Viento Residencial Jardines
373,Raquel Sánchez,Calle del Sol 4444,555-789134,Boulevard Jacarandas Residencial Horizonte
374,Mario Sánchez,Calle del Sol 4444,555-012208,Boulevard Esperanza Barrio Nuevo Sol
375,Marta Sánchez,Calle Desierto 4242,555-667799,Boulevard Tranquilidad Pueblo Tranquilo
376,Antonio Rodríguez,Plaza Mayor 2222,555-567002,Camino Maravilla Sector Primavera
377,Carlos Martínez,Av. Real 2121,555-556677,Callejón Bosques Sector Estrella
378,Carlos Sánchez,Calle del Prado 2828,555-456311,Callejón Jazmines Fraccionamiento Luceros
379,Isabel Pérez,Av. Constitución 1818,555-445566,Boulevard Estrella Pueblo Tranquilo
380,Carlos Pérez,Av. España 3636,555-654321,Callejón Brisa Residencial Jardines
381,María García,Calle Vista 3131,555-123456,Camino Almendros Residencial Horizonte
382,Martín López,Av. de los Reyes 606,555-123478,Boulevard Horizonte Colonia Verde
383,Raúl Martínez,Av. Real 2121,555-890335,Boulevard Girasoles Fraccionamiento Amanecer
384,Ricardo López,Calle Río 2424,555-889922,Calle Horizonte Barrio Nuevo Sol
385,José Luis Martínez,Plaza del Sol 3030,555-890335,Boulevard Jacarandas Residencial Jardines
386,Antonio Sánchez,Calle Real 101,555-234109,Camino Arena Fraccionamiento del Alba
387,Paula Martínez,Calle Nueva 2626,555-890745,Boulevard Viento Residencial Jardines
388,Raúl Rodríguez,Calle Nueva 2626,555-567543,Calle Horizonte Residencial Jardines
389,Javier Sánchez,Calle Falsa 456,555-556688,Camino Maravilla Pueblo Tranquilo
390,José Manuel Martínez,Calle Estrella 4646,555-889933,Callejón Almendros Fraccionamiento Amanecer
391,José Rodríguez,Calle de la Paz 5555,555-123578,Boulevard Girasoles Sector Primavera
392,María González,Av. Real 2121,555-789012,Calle Central Sector Primavera
393,Martín Fernández,Av. Central 3737,555-123456,Boulevard Esperanza Fraccionamiento del Alba
394,Antonio Rodríguez,Calle Roque 5353,555-345690,Boulevard Lirios Fraccionamiento del Alba
395,Marta López,Calle El Pilar 909,555-667799,Avenida Almendros Colonia Pinos
396,Lucía Rodríguez,Plaza Mayor 789,555-789224,Boulevard Sauces Sector Estrella
397,Isabel Sánchez,Plaza Independencia 5151,555-123456,Calle Rosas Sector Estrella
398,Marta López,Av. de las Palmas 2727,555-678523,Callejón Esperanza Residencial Horizonte
399,Cristina Fernández,Calle del Río 3535,555-890335,Avenida Olivo Fraccionamiento Amanecer
400,Pedro Martínez,Calle Falsa 456,555-678523,Callejón Lirios Fraccionamiento Luceros
401,Raquel Sánchez,Calle Desierto 4242,555-890245,Avenida Rosas Sector Estrella
402,María González,Calle Arco Iris 1313,555-678113,Camino Jacarandas Residencial Horizonte
403,Martín Fernández,Calle del Mar 2020,555-345210,Avenida Rosas Colonia Pinos
404,Adrián Rodríguez,Calle Vista 3131,555-112244,Boulevard Lirios Colonia Verde
405,Mario Sánchez,Calle Los Pinos 1616,555-234679,Camino Primavera Colonia Verde
406,Antonio Sánchez,Av. Roma 5252,555-334455,Avenida Lirios Colonia Pinos
407,Luis Pérez,Calle Amistad 4949,555-789224,Boulevard Luna Fraccionamiento Luceros
408,José Luis Martínez,Calle El Pilar 909,555-012208,Callejón Estrella Barrio Nuevo Sol
409,Pedro Sánchez,Plaza del Sol 3030,555-990044,Callejón Maravilla Fraccionamiento Luceros
410,José Luis Martínez,Calle Estrella 4646,555-567002,Boulevard Arena Fraccionamiento del Alba
411,Manuel Gómez,Plaza del Sol 808,555-667799,Camino Lirios Barrio Nuevo Sol
412,Beatriz Pérez,Calle El Pilar 909,555-567543,Camino Amapolas Fraccionamiento Luceros
413,Pedro Martínez,Calle de la Paz 5555,555-678432,Calle Brisa Fraccionamiento del Alba
414,Antonio Rodríguez,Av. Real 2121,555-112244,Avenida Magnolias Barrio Norte
415,David López,Av. de las Flores 4848,555-456801,Avenida Jazmines Fraccionamiento del Alba
416,Fernando Pérez,Calle Mayor 5656,555-123578,Avenida Estrella Sector Estrella
417,Isabel Sánchez,Calle del Mar 2020,555-123456,Calle Luna Sector Primavera
418,Isabel Sánchez,Av. de la Paz 303,555-123987,Callejón Arena Sector Primavera
419,Mario Sánchez,Calle Sierra 3939,555-234109,Callejón Lirios Barrio Nuevo Sol
420,Marta Sánchez,Av. del Sol 2525,555-012208,Callejón Jazmines Barrio del Lago
421,Inés Pérez,Calle del Lago 3434,555-567543,Avenida Río Azul Fraccionamiento Luceros
422,Manuel Gómez,Av. de las Palmas 2727,555-456801,Avenida Bosques Fraccionamiento del Alba
423,Alicia Martínez,Calle Santa Fe 2323,555-890245,Calle Sauces Pueblo Tranquilo
424,Beatriz Rodríguez,Calle Santa Fe 2323,555-889922,Calle Rocío Pueblo Tranquilo
425,Raquel Sánchez,Av. de las Flores 4848,555-998877,Boulevard Maravilla Sector Primavera
426,Mario Sánchez,Calle del Mar 2020,555-901856,Callejón Jacarandas Sector Primavera
427,Marta López,Calle Luna 505,555-890745,Calle Jazmines Barrio Nuevo Sol
428,Beatriz Rodríguez,Calle Río 2424,555-123987,Callejón Sauces Colonia Verde
429,Carlos Pérez,Calle Santa Fe 2323,555-456654,Camino Esperanza Fraccionamiento Amanecer
430,Javier Sánchez,Calle Real 2929,555-889922,Camino Primavera Fraccionamiento Amanecer
431,Alicia Sánchez,Av. Roma 5252,555-789012,Callejón Girasoles Sector Estrella
432,Raúl Rodríguez,Calle de la Paz 5555,555-678023,Avenida Viento Residencial Jardines
433,María González,Calle del Sol 4444,555-567912,Avenida Rocío Residencial Horizonte
434,Sofía Rodríguez,Av. de los Reyes 606,555-667700,Callejón Almendros Residencial Jardines
435,Patricia Gómez,Calle Naranja 1515,555-123578,Avenida Luna Sector Estrella
436,José Rodríguez,Calle Nueva 2626,555-890210,Camino Horizonte Barrio Nuevo Sol
437,Javier Sánchez,Calle Amistad 4949,555-345210,Avenida Viento Residencial Jardines
438,Raúl Rodríguez,Av. España 3636,555-445577,Boulevard Central Pueblo Tranquilo
439,Sofía Rodríguez,Calle del Río 3535,555-654321,Callejón Tranquilidad Sector Estrella
440,José Luis Martínez,Avenida Libertad 202,555-778822,Boulevard Jacarandas Fraccionamiento del Alba
441,David González,Plaza Mayor 789,555-334455,Camino Luna Sector Estrella
442,María García,Calle Larga 3333,555-012208,Calle Primavera Pueblo Tranquilo
443,Pedro Martínez,Calle Cielo 1212,555-890210,Avenida Almendros Pueblo Tranquilo
444,Antonio Rodríguez,Calle Arco Iris 1313,555-789134,Avenida Tranquilidad Fraccionamiento Luceros
445,David López,Calle Sol 3838,555-445577,Camino Río Azul Barrio del Lago
446,Martín Fernández,Av. Real 2121,555-890210,Callejón Olivo Fraccionamiento Amanecer
447,Martín Fernández,Calle Luna 505,555-456891,Camino Maravilla Fraccionamiento Amanecer
448,Pedro Martínez,Calle Vista 3131,555-223344,Callejón Tranquilidad Sector Estrella
449,José Manuel Martínez,Calle Sierra 3939,555-667788,Callejón Arena Fraccionamiento Luceros
450,Esteban Fernández,Calle del Mar 2020,555-654321,Calle Horizonte Barrio Nuevo Sol
451,Carlos Martínez,Plaza Mayor 789,555-998877,Callejón Lirios Fraccionamiento Amanecer
452,Paula Martínez,Calle Cielo 1212,555-112244,Boulevard Luna Colonia Verde
453,Javier Sánchez,Av. Constitución 1818,555-990044,Camino Esperanza Fraccionamiento Luceros
454,Beatriz Rodríguez,Plaza Mayor 789,555-890245,Camino Luna Sector Primavera
455,Isabel Sánchez,Calle Mayor 5656,555-789321,Calle Maravilla Fraccionamiento Luceros
456,José Rodríguez,Calle Real 2929,555-567412,Boulevard Río Azul Fraccionamiento del Alba
457,Joaquín Gómez,Calle El Pilar 909,555-567543,Avenida Bosques Colonia Pinos
458,Pedro Martínez,Calle Río 2424,555-992233,Avenida Sauces Fraccionamiento Luceros
459,Beatriz Rodríguez,Calle Santa Fe 2323,555-567912,Calle Lirios Fraccionamiento Amanecer
460,Javier González,Av. de los Reyes 4141,555-456311,Camino Arena Barrio del Lago
461,Verónica García,Calle del Río 3535,555-678523,Callejón Girasoles Fraccionamiento Luceros
462,Carlos Pérez,Calle Los Pinos 1616,555-992233,Avenida Río Azul Colonia Pinos
463,Verónica García,Av. de la Luna 1919,555-456654,Boulevard Esperanza Colonia Verde
464,Antonio Rodríguez,Calle Desierto 4242,555-890335,Camino Almendros Colonia Verde
465,María García,Calle Ancha 4343,555-234589,Avenida Tranquilidad Colonia Verde
466,Javier Sánchez,Calle Horizonte 5050,555-992233,Calle Tranquilidad Sector Estrella
467,Raquel Sánchez,Av. Siempre Viva 123,555-567412,Calle Sauces Sector Estrella
468,Ana María López,Av. de los Reyes 4141,555-012467,Camino Esperanza Colonia Verde
469,Laura Gómez,Calle Arco Iris 1313,555-889922,Avenida Girasoles Residencial Horizonte
470,Elena Rodríguez,Plaza Mayor 789,555-667788,Calle Estrella Barrio Norte
471,Pedro López,Plaza Mayor 789,555-345765,Calle Rocío Pueblo Tranquilo
472,Martín Fernández,Calle Sierra 3939,555-456654,Camino Olivo Sector Estrella
473,Martín Fernández,Calle El Pilar 909,555-567412,Calle Aurora Barrio Nuevo Sol
474,Carlos Pérez,Av. de los Reyes 606,555-890210,Boulevard Brisa Barrio Nuevo Sol
475,Juan Pérez,Calle El Pilar 909,555-889922,Boulevard Viento Barrio Nuevo Sol
476,Juan José Pérez,Calle Sol 4545,555-567412,Avenida Central Residencial Jardines
477,Antonio Martínez,Plaza del Sol 808,555-890210,Boulevard Amapolas Fraccionamiento del Alba
478,Beatriz Pérez,Plaza Mayor 2222,555-998877,Callejón Rosas Barrio del Lago
479,Antonio Martínez,Av. de la Luna 1919,555-678023,Camino Girasoles Barrio Nuevo Sol
480,David González,Av. de los Reyes 4141,555-123478,Callejón Girasoles Colonia Pinos
481,Isabel Sánchez,Calle del Lago 3434,555-234679,Avenida Girasoles Barrio del Lago
482,José Manuel Martínez,Av. de los Reyes 606,555-667788,Boulevard Maravilla Pueblo Tranquilo
483,Javier González,Calle Cielo 1212,555-890745,Callejón Viento Fraccionamiento del Alba
484,José Manuel Martínez,Calle Plazuela 5454,555-456654,Camino Viento Colonia Verde
485,Pedro López,Calle del Río 3535,555-123478,Camino Estrella Barrio Nuevo Sol
486,Carlos Sánchez,Av. de la Luna 1919,555-567412,Boulevard Aurora Fraccionamiento Luceros
487,Elena Rodríguez,Calle Amistad 4949,555-223355,Camino Estrella Barrio Nuevo Sol
488,Juan Pérez,Calle Vista 3131,555-234876,Avenida Río Azul Barrio del Lago
489,Marta López,Av. Castilla 5757,555-778811,Calle Bosques Barrio Norte
490,Mario Sánchez,Av. de las Flores 4848,555-345765,Calle Lirios Residencial Horizonte
491,María González,Calle de la Paz 5555,555-445566,Callejón Amapolas Sector Primavera
492,Javier González,Calle San Juan 707,555-445577,Camino Luna Sector Primavera
493,Patricia Gómez,Calle Mayor 5656,555-889933,Callejón Aurora Colonia Verde
494,Paula Martínez,Calle del Río 3535,555-990044,Callejón Jazmines Colonia Pinos
495,Martín López,Calle Nueva 3232,555-345690,Boulevard Rosas Barrio del Lago
496,Pedro López,Calle Arco Iris 1313,555-456801,Callejón Central Sector Estrella
497,José Manuel Martínez,Calle Sol 4545,555-889922,Boulevard Tranquilidad Fraccionamiento Luceros
498,Fernando Pérez,Plaza Mayor 789,555-223355,Avenida Brisa Pueblo Tranquilo
499,Marta Sánchez,Av. España 3636,555-667788,Calle Esperanza Residencial Jardines
500,Carlos Pérez,Av. de los Reyes 606,555-998877,Boulevard Jacarandas Residencial Jardines
501,Marta Sánchez,Calle Larga 3333,555-567002,Calle Rosas Colonia Verde
502,Carlos Pérez,Calle Real 101,555-654321,Boulevard Rosas Pueblo Tranquilo
503,David González,Calle Santa Fe 2323,555-223344,Callejón Bosques Barrio Norte
504,Javier González,Calle Plazuela 5454,555-901356,Avenida Bosques Residencial Jardines
505,Mario Sánchez,Calle Naranja 1515,555-890245,Avenida Lirios Colonia Pinos
506,Pedro Martínez,Calle Santa Fe 2323,555-678023,Calle Primavera Barrio Nuevo Sol
507,Francisco Rodríguez,Calle del Sol 4444,555-789012,Callejón Bosques Barrio Nuevo Sol
508,José Antonio Martínez,Calle Real 101,555-901856,Camino Jazmines Pueblo Tranquilo
509,Pedro Martínez,Calle Santa Fe 2323,555-890210,Callejón Río Azul Barrio del Lago
510,Javier Pérez,Plaza Mayor 2222,555-789224,Calle Aurora Fraccionamiento del Alba
511,Elena Rodríguez,Calle Luna 4040,555-890245,Avenida Rocío Fraccionamiento Amanecer
512,Raquel Sánchez,Calle Vista 3131,555-012208,Boulevard Brisa Fraccionamiento Luceros
513,Antonio Rodríguez,Calle Arco Iris 1313,555-992233,Callejón Viento Barrio del Lago
514,Elena Rodríguez,Calle del Prado 2828,555-890335,Avenida Lirios Pueblo Tranquilo
515,José Fernández,Av. de la Paz 303,555-012208,Calle Magnolias Barrio Nuevo Sol
516,Juan Pérez,Calle Desierto 4242,555-778811,Camino Estrella Fraccionamiento del Alba
517,Cristina Fernández,Av. Castilla 5757,555-123987,Callejón Jacarandas Pueblo Tranquilo
518,Verónica González,Calle Vista Alegre 1111,555-334466,Boulevard Amapolas Colonia Verde
519,José Rodríguez,Av. del Sol 2525,555-012967,Avenida Estrella Sector Primavera
520,Juan Pérez,Av. Castilla 5757,555-456654,Callejón Primavera Colonia Pinos
521,David López,Calle Vista Alegre 1111,555-234109,Boulevard Rosas Fraccionamiento Amanecer
522,María González,Av. España 1010,555-345690,Camino Girasoles Fraccionamiento del Alba
523,Pedro López,Av. de la Paz 303,555-234589,Avenida Cedros Sector Estrella
524,Antonio Sánchez,Calle del Río 3535,555-456311,Boulevard Sauces Barrio Norte
525,Ana María López,Av. España 3636,555-667799,Avenida Brisa Colonia Verde
526,María González,Plaza del Sol 808,555-234876,Callejón Estrella Fraccionamiento del Alba
527,Raquel Sánchez,Av. Constitución 1818,555-445577,Boulevard Estrella Barrio del Lago
528,Verónica García,Calle Sol 3838,555-123478,Boulevard Esperanza Barrio Norte
529,Elena González,Av. de las Palmas 2727,555-012467,Camino Lirios Colonia Verde
530,Elena Rodríguez,Calle Los Pinos 1616,555-567912,Camino Lirios Barrio del Lago
531,Martín Fernández,Calle Nueva 2626,555-123578,Camino Maravilla Barrio Norte
532,Marta López,Calle Real 101,555-345780,Callejón Río Azul Residencial Jardines
533,Alicia Martínez,Calle del Prado 2828,555-445577,Calle Cedros Sector Primavera
534,Raquel Sánchez,Calle Larga 3333,555-567002,Boulevard Aurora Fraccionamiento del Alba
535,Raúl Martínez,Calle Naranja 1515,555-223355,Camino Cedros Fraccionamiento Luceros
536,Javier González,Av. de las Flores 4848,555-345690,Callejón Rocío Fraccionamiento Amanecer
537,Inés Pérez,Av. de la Paz 303,555-889922,Boulevard Bosques Sector Estrella
538,Cristina Fernández,Calle Luna 4040,555-223344,Avenida Viento Sector Primavera
539,Martín Fernández,Calle Río 2424,555-556688,Camino Jacarandas Colonia Verde
540,Carlos Sánchez,Calle Falsa 456,555-998877,Avenida Amapolas Colonia Pinos
541,Beatriz Rodríguez,Calle Roque 5353,555-112244,Calle Estrella Sector Primavera
542,José Antonio Martínez,Av. Castilla 5757,555-654321,Camino Arena Sector Estrella
543,Raúl Rodríguez,Calle del Lago 3434,555-678023,Callejón Magnolias Sector Primavera
544,María González,Calle Falsa 456,555-678113,Avenida Maravilla Fraccionamiento Amanecer
545,Adrián Rodríguez,Avenida Libertad 202,555-654321,Avenida Cedros Colonia Verde
546,Ana María López,Calle Larga 3333,555-778822,Calle Olivo Residencial Jardines
547,José Luis Martínez,Calle Horizonte 5050,555-456891,Callejón Esperanza Residencial Jardines
548,Fernando Pérez,Calle Ancha 4343,555-667799,Camino Central Barrio Nuevo Sol
549,Antonio Rodríguez,Calle del Sol 4444,555-012208,Boulevard Lirios Sector Estrella
550,Francisco Rodríguez,Plaza del Sol 808,555-789321,Callejón Girasoles Sector Estrella
551,Pedro López,Calle Naranja 1515,555-456801,Boulevard Olivo Fraccionamiento del Alba
552,Inés Pérez,Calle del Mar 2020,555-345780,Callejón Girasoles Colonia Verde
553,Sofía Rodríguez,Calle Larga 3333,555-456801,Boulevard Estrella Residencial Jardines
554,Luisa Rodríguez,Calle de la Paz 5555,555-789134,Avenida Amapolas Colonia Pinos
555,Carlos Sánchez,Calle Real 101,555-123019,Boulevard Magnolias Fraccionamiento del Alba
556,Raúl Rodríguez,Av. de la Paz 303,555-789134,Boulevard Cedros Sector Estrella
557,Paula Martínez,Calle Alta 1717,555-112233,Callejón Río Azul Barrio del Lago
558,Francisco Rodríguez,Calle del Lago 3434,555-789224,Callejón Amapolas Sector Estrella
559,Javier González,Calle del Prado 2828,555-012967,Camino Bosques Sector Primavera
560,Elena González,Av. España 1414,555-012967,Boulevard Arena Fraccionamiento Amanecer
561,Verónica García,Calle Desierto 4242,555-345780,Camino Olivo Fraccionamiento Amanecer
562,Antonio Rodríguez,Calle Horizonte 5050,555-778811,Callejón Girasoles Pueblo Tranquilo
563,David González,Calle del Sol 404,555-445566,Avenida Lirios Barrio Nuevo Sol
564,Joaquín Gómez,Calle Roque 5353,555-890335,Avenida Estrella Residencial Jardines
565,Lucía Rodríguez,Calle Real 2929,555-456891,Callejón Estrella Fraccionamiento Amanecer
566,José Manuel Martínez,Av. Roma 5252,555-778822,Calle Rosas Fraccionamiento Luceros
567,Carlos Martínez,Calle Sierra 3939,555-445577,Avenida Magnolias Sector Primavera
568,José Luis Martínez,Av. de la Paz 303,555-345780,Callejón Rosas Residencial Jardines
569,José Rodríguez,Calle Nueva 3232,555-345780,Boulevard Tranquilidad Fraccionamiento Luceros
570,Juan José Pérez,Av. Central 3737,555-556677,Calle Olivo Colonia Verde
571,Luisa Rodríguez,Calle Luna 4040,555-678113,Calle Jacarandas Sector Primavera
572,Sofía Rodríguez,Plaza Mayor 2222,555-123987,Calle Maravilla Barrio Norte
573,Joaquín Gómez,Av. Central 3737,555-012467,Calle Sauces Colonia Verde
574,Ana López,Av. de la Paz 303,555-890335,Callejón Jacarandas Colonia Pinos
575,Elena González,Calle Real 2929,555-889933,Boulevard Luna Barrio del Lago
576,Juan José Pérez,Av. Real 2121,555-112244,Avenida Magnolias Colonia Verde
577,Joaquín Gómez,Calle del Sol 404,555-890335,Avenida Primavera Residencial Horizonte
578,Antonio Rodríguez,Calle Real 101,555-345780,Boulevard Luna Residencial Jardines
579,Carlos Pérez,Calle Sierra 3939,555-556688,Camino Maravilla Barrio Nuevo Sol
580,Javier Pérez,Av. de los Reyes 606,555-123456,Callejón Cedros Colonia Verde
581,Carlos Pérez,Calle Sol 3838,555-334466,Avenida Central Sector Estrella
582,José Rodríguez,Calle Sierra 3939,555-456801,Callejón Arena Fraccionamiento del Alba
583,Marta Sánchez,Calle Vista 3131,555-445566,Callejón Rosas Fraccionamiento Amanecer
584,Beatriz Rodríguez,Av. Roma 5252,555-556677,Boulevard Sauces Sector Primavera
585,Antonio Rodríguez,Av. España 3636,555-234589,Calle Magnolias Colonia Verde
586,Pedro López,Calle del Lago 3434,555-456654,Calle Central Residencial Jardines
587,Inés Pérez,Av. Central 3737,555-567912,Avenida Magnolias Colonia Verde
588,María González,Calle Los Pinos 1616,555-990044,Avenida Rocío Fraccionamiento Luceros
589,Carmen Pérez,Calle del Sol 404,555-889933,Camino Sauces Colonia Pinos
590,Pedro Sánchez,Calle Nueva 3232,555-778822,Callejón Horizonte Sector Primavera
591,Beatriz Pérez,Plaza del Sol 808,555-998877,Avenida Olivo Barrio del Lago
592,Marta López,Av. de los Reyes 606,555-789012,Calle Aurora Pueblo Tranquilo
593,Pedro López,Av. Central 3737,555-992233,Callejón Primavera Fraccionamiento Amanecer
594,Isabel Sánchez,Calle del Prado 2828,555-334466,Boulevard Primavera Fraccionamiento Luceros
595,David González,Calle Alta 1717,555-012208,Calle Lirios Fraccionamiento Amanecer
596,Beatriz Rodríguez,Av. España 1010,555-012467,Boulevard Central Residencial Horizonte
597,Paula Martínez,Calle del Sol 404,555-567912,Avenida Girasoles Residencial Horizonte
598,Pedro Sánchez,Calle Real 101,555-889922,Calle Viento Sector Primavera
599,Elena González,Plaza Mayor 2222,555-998877,Avenida Primavera Sector Primavera
600,Joaquín Gómez,Calle del Prado 2828,555-901856,Avenida Aurora Fraccionamiento Amanecer
601,Beatriz Rodríguez,Calle Vista 3131,555-456891,Camino Luna Colonia Verde
602,Antonio Martínez,Calle Santa Fe 2323,555-789321,Boulevard Magnolias Colonia Verde
603,Ana María López,Calle Larga 3333,555-345690,Calle Maravilla Barrio Nuevo Sol
604,Teresa González,Calle Vista Alegre 1111,555-445566,Camino Primavera Colonia Verde
605,Antonio Rodríguez,Av. España 1010,555-890245,Callejón Bosques Residencial Jardines
606,Martín López,Av. de las Flores 4848,555-778822,Avenida Jacarandas Fraccionamiento Amanecer
607,Teresa González,Avenida Libertad 202,555-667799,Boulevard Primavera Barrio Norte
608,David González,Calle Real 2929,555-990044,Calle Sauces Barrio del Lago
609,Isabel Sánchez,Calle El Pilar 909,555-445577,Camino Luna Barrio del Lago
610,María García,Calle Sol 3838,555-456654,Boulevard Jacarandas Colonia Verde
611,Beatriz Pérez,Av. de las Flores 4848,555-345765,Boulevard Lirios Fraccionamiento Luceros
612,Antonio Rodríguez,Calle del Río 3535,555-901856,Callejón Luna Sector Estrella
613,Sofía Rodríguez,Calle del Sol 404,555-998877,Camino Luna Barrio Norte
614,Juan José Pérez,Av. de las Flores 4848,555-345210,Avenida Esperanza Barrio del Lago
615,Pedro Sánchez,Av. del Sol 2525,555-654321,Callejón Central Residencial Jardines
616,Verónica González,Av. Roma 5252,555-789634,Camino Brisa Residencial Horizonte
617,Ana López,Calle de la Paz 5555,555-345690,Boulevard Primavera Sector Estrella
618,Marta Sánchez,Av. de la Luna 1919,555-012467,Calle Tranquilidad Residencial Horizonte
619,José Antonio Martínez,Calle Real 101,555-992233,Calle Arena Residencial Jardines
620,Ana María López,Av. Real 2121,555-678113,Calle Girasoles Colonia Pinos
621,Alicia Martínez,Calle Cielo 1212,555-678023,Callejón Arena Residencial Jardines
622,Joaquín Gómez,Av. de las Palmas 2727,555-654321,Calle Almendros Colonia Verde
623,Carlos Martínez,Calle Real 101,555-123478,Camino Primavera Barrio Nuevo Sol
624,David López,Calle de la Paz 5555,555-789321,Calle Esperanza Sector Primavera
625,Elena Rodríguez,Calle Alta 1717,555-667788,Camino Rosas Fraccionamiento del Alba
626,Pedro Sánchez,Av. Roma 5252,555-456891,Calle Almendros Colonia Pinos
627,Luis Pérez,Calle Real 101,555-456654,Camino Esperanza Colonia Verde
628,Sofía Rodríguez,Calle San Juan 707,555-123019,Calle Primavera Fraccionamiento Luceros
629,Antonio Rodríguez,Calle Río 2424,555-112244,Boulevard Magnolias Fraccionamiento Amanecer
630,David González,Calle Amistad 4949,555-789012,Boulevard Primavera Barrio del Lago
631,Carmen Pérez,Av. del Sol 2525,555-112244,Calle Central Fraccionamiento Luceros
632,Antonio Sánchez,Plaza Mayor 2222,555-678023,Boulevard Primavera Fraccionamiento del Alba
633,Antonio Sánchez,Av. del Sol 2525,555-890245,Callejón Aurora Residencial Jardines
634,Beatriz Rodríguez,Calle Falsa 456,555-445577,Callejón Maravilla Barrio Norte
635,José Fernández,Calle Ancha 4343,555-123456,Boulevard Girasoles Sector Estrella
636,Isabel Sánchez,Plaza Mayor 789,555-456801,Avenida Esperanza Colonia Pinos
637,Carlos Pérez,Av. de las Palmas 2727,555-334455,Calle Bosques Barrio Nuevo Sol
638,Mario Sánchez,Calle Los Pinos 1616,555-678113,Camino Brisa Sector Estrella
639,Teresa González,Plaza del Sol 3030,555-890335,Avenida Viento Sector Estrella
640,Carmen Pérez,Calle Sol 4545,555-345210,Callejón Sauces Pueblo Tranquilo
641,Juan Pérez,Calle del Prado 2828,555-345690,Callejón Horizonte Sector Estrella
642,Pedro Sánchez,Plaza Independencia 5151,555-345765,Camino Jazmines Colonia Verde
643,Antonio Martínez,Calle Real 101,555-567543,Avenida Cedros Residencial Jardines
644,Francisco Rodríguez,Calle Vista Alegre 1111,555-901356,Avenida Río Azul Sector Primavera
645,Carmen Pérez,Av. de las Palmas 2727,555-789134,Camino Amapolas Fraccionamiento Luceros
646,Marta Sánchez,Calle del Sol 404,555-345690,Camino Central Sector Estrella
647,Beatriz Rodríguez,Calle Amistad 4949,555-678523,Callejón Jazmines Residencial Jardines
648,Antonio Rodríguez,Calle Sol 4545,555-345210,Boulevard Viento Fraccionamiento del Alba
649,Luis Pérez,Calle Estrella 4646,555-556677,Callejón Viento Barrio Nuevo Sol
650,Adriana González,Calle Plazuela 5454,555-890245,Calle Central Colonia Verde
651,Ana María López,Av. Real 2121,555-556688,Avenida Bosques Sector Primavera
652,José Antonio Martínez,Av. de la Paz 303,555-789224,Camino Primavera Fraccionamiento Luceros
653,Carlos Martínez,Calle del Prado 2828,555-445577,Avenida Almendros Sector Estrella
654,Raquel Sánchez,Calle del Sol 4444,555-889922,Avenida Olivo Sector Estrella
655,Antonio Rodríguez,Calle Plazuela 5454,555-992233,Avenida Horizonte Fraccionamiento del Alba
656,Raúl Martínez,Calle Larga 3333,555-234876,Boulevard Girasoles Residencial Horizonte
657,Pedro Martínez,Plaza Independencia 5151,555-889933,Calle Arena Fraccionamiento del Alba
658,Antonio Sánchez,Calle Santa Fe 2323,555-456311,Avenida Jacarandas Barrio del Lago
659,Javier González,Calle Real 2929,555-678523,Calle Horizonte Barrio Norte
660,Isabel Pérez,Av. Roma 5252,555-456311,Camino Brisa Barrio del Lago
661,Alicia Martínez,Calle del Río 3535,555-345210,Boulevard Jacarandas Residencial Horizonte
662,Carlos Martínez,Av. de la Luna 1919,555-890745,Camino Lirios Pueblo Tranquilo
663,Beatriz Pérez,Calle Larga 3333,555-678523,Camino Jazmines Sector Primavera
664,Teresa González,Calle Ancha 4343,555-678023,Calle Rosas Fraccionamiento Luceros
665,Pedro López,Calle Sierra 3939,555-556677,Camino Viento Pueblo Tranquilo
666,Carlos Pérez,Av. de los Reyes 606,555-012208,Callejón Girasoles Residencial Jardines
667,Javier Sánchez,Calle Desierto 4242,555-890745,Avenida Aurora Barrio Nuevo Sol
668,Martín López,Plaza Independencia 5151,555-901856,Boulevard Aurora Fraccionamiento del Alba
669,Francisco Rodríguez,Calle Luna 4040,555-112244,Callejón Río Azul Barrio Norte
670,David González,Plaza Mayor 2222,555-789634,Avenida Maravilla Pueblo Tranquilo
671,Juan José Pérez,Calle El Pilar 909,555-678523,Callejón Magnolias Residencial Jardines
672,José Luis Martínez,Avenida Libertad 202,555-112244,Callejón Rocío Colonia Verde
673,Raúl Martínez,Calle Sol 4545,555-456311,Camino Amapolas Residencial Horizonte
674,José Antonio Martínez,Calle Real 101,555-890245,Calle Brisa Sector Primavera
675,Patricia Gómez,Av. Constitución 1818,555-112233,Boulevard Bosques Colonia Verde
676,Antonio Martínez,Calle del Mar 2020,555-456891,Camino Cedros Colonia Pinos
677,Juan Pérez,Plaza Independencia 5151,555-667788,Callejón Magnolias Colonia Pinos
678,Javier Sánchez,Calle Ancha 4343,555-678023,Avenida Sauces Barrio Nuevo Sol
679,Ana López,Calle Sol 3838,555-678023,Calle Lirios Fraccionamiento Luceros
680,Elena González,Plaza Mayor 2222,555-678113,Boulevard Luna Residencial Horizonte
681,Raúl Rodríguez,Avenida Libertad 202,555-789321,Callejón Brisa Fraccionamiento Amanecer
682,Juan José Pérez,Calle Sol 3838,555-992233,Camino Jacarandas Colonia Verde
683,Juan José Pérez,Calle del Sol 404,555-456311,Camino Brisa Colonia Pinos
684,Antonio Martínez,Calle Ancha 4343,555-789321,Boulevard Girasoles Barrio del Lago
685,María García,Av. de los Reyes 4141,555-789634,Calle Río Azul Barrio Nuevo Sol
686,José Fernández,Calle Sol 4545,555-667700,Boulevard Jacarandas Barrio Norte
687,Marta López,Calle El Pilar 909,555-778822,Callejón Rosas Fraccionamiento Luceros
688,Lucía Rodríguez,Plaza del Sol 3030,555-334455,Boulevard Lirios Sector Estrella
689,Joaquín Gómez,Calle Sol 3838,555-012967,Boulevard Tranquilidad Barrio del Lago
690,María González,Calle del Prado 2828,555-345765,Calle Jazmines Sector Primavera
691,María González,Calle del Prado 2828,555-123578,Callejón Horizonte Barrio del Lago
692,Antonio Rodríguez,Av. del Sol 2525,555-789134,Callejón Horizonte Residencial Jardines
693,Paula Martínez,Calle Vista Alegre 1111,555-123478,Boulevard Brisa Colonia Pinos
694,Carlos Pérez,Calle Luna 4040,555-234679,Camino Esperanza Sector Estrella
695,Elena Rodríguez,Av. de las Palmas 2727,555-567912,Camino Aurora Pueblo Tranquilo
696,Elena Rodríguez,Calle de la Paz 5555,555-234109,Avenida Magnolias Sector Primavera
697,Esteban Fernández,Avenida Libertad 202,555-567412,Avenida Cedros Sector Primavera
698,David González,Calle Vista 3131,555-998877,Camino Jazmines Barrio Nuevo Sol
699,Carlos Pérez,Av. Constitución 1818,555-567912,Calle Cedros Barrio Nuevo Sol
700,Cristina Fernández,Calle Vista Alegre 1111,555-778811,Avenida Cedros Sector Primavera
701,Inés Pérez,Calle del Mar 2020,555-889922,Boulevard Bosques Barrio Norte
702,Luis Pérez,Avenida Libertad 202,555-778822,Avenida Arena Pueblo Tranquilo
703,David González,Calle Los Pinos 1616,555-678523,Callejón Magnolias Sector Primavera
704,Juan José Pérez,Av. de los Reyes 606,555-456654,Callejón Brisa Colonia Verde
705,Beatriz Rodríguez,Calle Arco Iris 1313,555-789634,Boulevard Horizonte Residencial Horizonte
706,Raúl Rodríguez,Calle Alta 1717,555-678523,Boulevard Luna Sector Primavera
707,María González,Av. Constitución 1818,555-789134,Boulevard Almendros Fraccionamiento Amanecer
708,Francisco Rodríguez,Calle Río 2424,555-789012,Calle Rosas Fraccionamiento Amanecer
709,Martín Fernández,Calle Luna 505,555-890210,Camino Horizonte Barrio Nuevo Sol
710,Antonio Rodríguez,Av. España 3636,555-889933,Boulevard Rocío Sector Estrella
711,Sofía Rodríguez,Av. de los Reyes 4141,555-778811,Calle Rocío Barrio Norte
712,Antonio Rodríguez,Calle Luna 4040,555-789224,Calle Horizonte Colonia Verde
713,Adriana González,Calle Vista Alegre 1111,555-345780,Avenida Bosques Barrio del Lago
714,Beatriz Rodríguez,Calle Desierto 4242,555-345690,Avenida Magnolias Residencial Horizonte
715,Francisco Rodríguez,Calle del Sol 4444,555-901856,Boulevard Tranquilidad Sector Primavera
716,Sofía Rodríguez,Calle Sierra 3939,555-667799,Avenida Girasoles Sector Estrella
717,Martín Fernández,Av. de los Reyes 606,555-992233,Boulevard Arena Barrio del Lago
718,Javier Sánchez,Calle Plazuela 5454,555-778822,Camino Rosas Pueblo Tranquilo
719,Carlos Pérez,Av. España 1414,555-778811,Camino Aurora Pueblo Tranquilo
720,Carlos Sánchez,Av. España 1414,555-567412,Calle Aurora Fraccionamiento del Alba
721,Teresa González,Calle Alta 1717,555-123456,Camino Lirios Barrio Norte
722,Carmen Pérez,Av. de la Paz 303,555-345780,Callejón Jacarandas Colonia Pinos
723,Sofía Rodríguez,Calle Horizonte 5050,555-678432,Calle Luna Barrio Norte
724,María González,Calle Vista Alegre 1111,555-112244,Camino Arena Barrio Nuevo Sol
725,Mario Sánchez,Calle Santa Fe 2323,555-234679,Boulevard Amapolas Colonia Pinos
726,María González,Calle del Lago 3434,555-778822,Callejón Rocío Barrio Nuevo Sol
727,María García,Calle Vista Alegre 1111,555-789134,Boulevard Maravilla Fraccionamiento del Alba
728,David González,Calle del Lago 3434,555-012967,Avenida Almendros Barrio Norte
729,Javier Pérez,Calle del Sol 404,555-889922,Camino Magnolias Sector Primavera
730,Sofía Rodríguez,Calle Amistad 4949,555-678523,Camino Río Azul Sector Estrella
731,Lucía Rodríguez,Calle Luna 4040,555-012208,Boulevard Girasoles Barrio Norte
732,Juan Pérez,Calle Vista 3131,555-789012,Boulevard Horizonte Barrio Nuevo Sol
733,Pedro Martínez,Calle Real 2929,555-123456,Calle Jazmines Colonia Verde
734,Carlos Pérez,Calle Horizonte 5050,555-123019,Boulevard Amapolas Barrio Norte
735,Ana María López,Calle Mayor 5656,555-123478,Avenida Cedros Fraccionamiento Amanecer
736,Pedro López,Calle de la Paz 5555,555-889933,Callejón Jazmines Fraccionamiento Amanecer
737,Martín López,Av. de la Luna 1919,555-234589,Boulevard Maravilla Residencial Jardines
738,Luisa Rodríguez,Av. Roma 5252,555-112233,Camino Cedros Fraccionamiento del Alba
739,Carlos Pérez,Calle Vista 3131,555-990044,Boulevard Jacarandas Barrio Norte
740,Martín Fernández,Calle Río 2424,555-567543,Avenida Esperanza Colonia Pinos
741,Ana María López,Avenida Libertad 202,555-234876,Camino Aurora Colonia Pinos
742,Antonio Sánchez,Plaza Mayor 4747,555-678432,Calle Rosas Fraccionamiento Amanecer
743,Martín López,Plaza Mayor 4747,555-901356,Callejón Esperanza Residencial Jardines
744,Antonio Sánchez,Calle Sierra 3939,555-789134,Calle Horizonte Colonia Pinos
745,Lucía Rodríguez,Calle Sol 4545,555-889933,Calle Central Fraccionamiento Amanecer
746,Carlos Pérez,Calle Sierra 3939,555-456654,Calle Rosas Fraccionamiento del Alba
747,Martín Fernández,Calle Vista 3131,555-334455,Avenida Viento Fraccionamiento Amanecer
748,Isabel Sánchez,Calle Luna 4040,555-112233,Callejón Jazmines Residencial Horizonte
749,Alicia Sánchez,Calle Real 101,555-678432,Camino Horizonte Fraccionamiento Luceros
750,Ana María López,Calle Real 101,555-567002,Avenida Luna Colonia Pinos
751,Adrián Rodríguez,Calle Arco Iris 1313,555-778822,Boulevard Magnolias Pueblo Tranquilo
752,Antonio Rodríguez,Calle Mayor 5656,555-123478,Boulevard Estrella Fraccionamiento Luceros
753,Martín López,Calle Sol 3838,555-678523,Avenida Viento Colonia Verde
754,Carlos Pérez,Av. de los Reyes 606,555-112233,Avenida Central Fraccionamiento del Alba
755,David González,Av. España 3636,555-778811,Calle Cedros Colonia Verde
756,Juan José Pérez,Av. Central 3737,555-012967,Callejón Bosques Sector Primavera
757,Carlos Pérez,Calle Horizonte 5050,555-789634,Camino Amapolas Barrio Norte
758,David López,Calle Amistad 4949,555-234109,Camino Viento Fraccionamiento Amanecer
759,Isabel Sánchez,Calle Sol 4545,555-667788,Callejón Primavera Barrio Nuevo Sol
760,José Manuel Martínez,Calle Luna 4040,555-901856,Avenida Rosas Barrio del Lago
761,Martín Fernández,Calle Ancha 4343,555-789634,Callejón Magnolias Barrio Nuevo Sol
762,Antonio Sánchez,Av. España 1414,555-901856,Calle Rocío Barrio del Lago
763,Juan Pérez,Av. Constitución 1818,555-556688,Calle Almendros Colonia Pinos
764,Luisa Rodríguez,Calle Cielo 1212,555-456654,Avenida Girasoles Fraccionamiento del Alba
765,Teresa González,Av. Constitución 1818,555-567543,Callejón Viento Sector Estrella
766,Francisco Rodríguez,Calle Cielo 1212,555-890245,Boulevard Brisa Sector Estrella
767,Antonio Rodríguez,Av. Siempre Viva 123,555-678113,Avenida Cedros Residencial Jardines
768,Alicia Sánchez,Calle Luna 4040,555-992233,Calle Primavera Colonia Verde
769,Antonio Rodríguez,Calle Vista Alegre 1111,555-556677,Calle Jazmines Residencial Jardines
770,Pedro Sánchez,Calle del Río 3535,555-234589,Avenida Jacarandas Barrio Nuevo Sol
771,Adriana González,Calle Luna 505,555-901856,Boulevard Girasoles Colonia Verde
772,Inés Pérez,Calle Sol 3838,555-123019,Camino Jacarandas Sector Primavera
773,David López,Calle de la Paz 5555,555-678023,Calle Estrella Sector Estrella
774,Francisco Rodríguez,Calle Real 2929,555-567002,Callejón Primavera Colonia Verde
775,Manuel Gómez,Calle Roque 5353,555-789134,Calle Brisa Barrio Nuevo Sol
776,Pedro Martínez,Av. de la Luna 1919,555-567543,Calle Lirios Barrio Norte
777,Antonio Rodríguez,Av. Real 2121,555-112233,Avenida Maravilla Fraccionamiento Luceros
778,Paula Martínez,Calle Amistad 4949,555-112244,Camino Tranquilidad Residencial Horizonte
779,Ana López,Calle Nueva 2626,555-567002,Callejón Viento Fraccionamiento Luceros
780,David López,Calle El Pilar 909,555-901856,Calle Arena Residencial Jardines
781,Pedro Martínez,Plaza Independencia 5151,555-345780,Avenida Central Fraccionamiento del Alba
782,Cristina Fernández,Calle Sierra 3939,555-012467,Boulevard Tranquilidad Residencial Jardines
783,Ana López,Av. de la Luna 1919,555-556688,Camino Arena Colonia Verde
784,Verónica García,Av. del Sol 2525,555-901856,Boulevard Horizonte Fraccionamiento Amanecer
785,Cristina Fernández,Calle del Mar 2020,555-334455,Boulevard Arena Pueblo Tranquilo
786,José Luis Martínez,Av. España 1414,555-998877,Avenida Rosas Barrio Nuevo Sol
787,Isabel Pérez,Calle Ancha 4343,555-567412,Boulevard Esperanza Residencial Horizonte
788,Juan José Pérez,Plaza del Sol 808,555-345765,Callejón Maravilla Fraccionamiento del Alba
789,Teresa González,Av. España 3636,555-556688,Camino Rosas Barrio Nuevo Sol
790,Beatriz Pérez,Calle Sol 4545,555-890335,Avenida Sauces Residencial Horizonte
791,Martín López,Calle Larga 3333,555-889933,Avenida Rocío Colonia Verde
792,Pedro López,Calle Plazuela 5454,555-456654,Callejón Primavera Residencial Jardines
793,Ana López,Calle Roque 5353,555-445577,Avenida Horizonte Pueblo Tranquilo
794,Juan José Pérez,Calle El Pilar 909,555-456891,Camino Sauces Barrio Norte
795,Laura Gómez,Plaza Mayor 789,555-901856,Callejón Central Pueblo Tranquilo
796,Luis Pérez,Av. de las Flores 4848,555-889922,Calle Rosas Barrio Nuevo Sol
797,Elena Rodríguez,Calle Santa Fe 2323,555-998877,Avenida Jacarandas Sector Primavera
798,Manuel Gómez,Calle Nueva 2626,555-334466,Boulevard Girasoles Sector Estrella
799,Joaquín Gómez,Av. del Sol 2525,555-789224,Boulevard Jazmines Barrio Norte
800,José Fernández,Av. de las Flores 4848,555-667700,Avenida Sauces Colonia Verde
801,Cristina Fernández,Av. de la Luna 1919,555-789012,Avenida Aurora Sector Primavera
802,Alicia Martínez,Av. de las Palmas 2727,555-678523,Calle Río Azul Fraccionamiento del Alba
803,Elena González,Av. de las Palmas 2727,555-789321,Callejón Maravilla Residencial Horizonte
804,Martín López,Plaza del Sol 808,555-890335,Avenida Magnolias Fraccionamiento Luceros
805,Javier Sánchez,Av. de los Reyes 4141,555-678523,Camino Almendros Barrio Norte
806,Antonio Rodríguez,Calle Larga 3333,555-456891,Camino Tranquilidad Pueblo Tranquilo
807,Antonio Sánchez,Plaza Mayor 4747,555-667700,Avenida Río Azul Fraccionamiento del Alba
808,Pedro Martínez,Plaza del Sol 808,555-012967,Camino Aurora Pueblo Tranquilo
809,Antonio Rodríguez,Calle del Sol 404,555-334455,Calle Esperanza Residencial Horizonte
810,Martín López,Calle Falsa 456,555-678523,Boulevard Viento Sector Estrella
811,Javier Sánchez,Calle Sol 4545,555-890335,Boulevard Amapolas Residencial Horizonte
812,Javier Sánchez,Calle del Sol 4444,555-123019,Camino Jazmines Barrio Norte
813,Manuel Gómez,Calle Real 2929,555-556677,Avenida Cedros Fraccionamiento Luceros
814,Javier González,Plaza Mayor 4747,555-456891,Avenida Tranquilidad Residencial Jardines
815,Beatriz Rodríguez,Av. Constitución 1818,555-234589,Callejón Horizonte Colonia Pinos
816,Carlos Pérez,Calle Amistad 4949,555-112244,Calle Estrella Pueblo Tranquilo
817,Raúl Martínez,Calle del Río 3535,555-012467,Avenida Central Residencial Jardines
818,Patricia Gómez,Calle del Mar 2020,555-234679,Camino Central Residencial Jardines
819,David González,Calle del Prado 2828,555-778822,Avenida Aurora Fraccionamiento del Alba
820,Mario Sánchez,Calle Desierto 4242,555-901856,Avenida Horizonte Fraccionamiento del Alba
821,Raquel Sánchez,Plaza Mayor 2222,555-234109,Calle Magnolias Pueblo Tranquilo
822,David González,Calle Falsa 456,555-445577,Avenida Girasoles Barrio Norte
823,Pedro López,Av. Real 2121,555-890245,Callejón Bosques Fraccionamiento Amanecer
824,Javier Sánchez,Av. de los Reyes 606,555-990044,Boulevard Cedros Barrio Norte
825,Fernando Pérez,Calle del Mar 2020,555-567412,Camino Olivo Residencial Horizonte
826,Juan José Pérez,Calle del Río 3535,555-123478,Camino Estrella Barrio Nuevo Sol
827,José Luis Martínez,Av. de las Flores 4848,555-992233,Camino Rocío Pueblo Tranquilo
828,Ana López,Calle Nueva 2626,555-223344,Camino Sauces Barrio Norte
829,Javier González,Calle Horizonte 5050,555-889933,Avenida Magnolias Fraccionamiento del Alba
830,Francisco Rodríguez,Av. de la Paz 303,555-567912,Calle Sauces Residencial Jardines
831,Carlos Sánchez,Calle Sol 3838,555-123019,Callejón Girasoles Fraccionamiento Amanecer
832,José Rodríguez,Av. Castilla 5757,555-789224,Callejón Bosques Barrio Nuevo Sol
833,Martín Fernández,Calle de la Paz 5555,555-234679,Calle Brisa Fraccionamiento Luceros
834,Carlos Martínez,Calle Río 2424,555-112233,Camino Bosques Barrio Nuevo Sol
835,Ana María López,Calle Sierra 3939,555-778822,Callejón Sauces Fraccionamiento Luceros
836,Beatriz Pérez,Calle Real 101,555-889933,Avenida Horizonte Sector Estrella
837,Sofía Rodríguez,Av. del Sol 2525,555-012967,Calle Magnolias Fraccionamiento del Alba
838,Carlos Pérez,Calle San Juan 707,555-456801,Calle Luna Sector Estrella
839,Isabel Pérez,Calle Luna 4040,555-789012,Callejón Rocío Pueblo Tranquilo
840,Beatriz Rodríguez,Calle Luna 4040,555-556677,Avenida Viento Barrio Nuevo Sol
841,David González,Calle del Mar 2020,555-445577,Avenida Aurora Barrio Nuevo Sol
842,Verónica García,Calle Desierto 4242,555-678023,Callejón Bosques Barrio del Lago
843,Patricia Gómez,Calle Nueva 2626,555-456654,Avenida Río Azul Barrio Norte
844,Elena Rodríguez,Calle del Río 3535,555-456891,Camino Bosques Barrio del Lago
845,Cristina Fernández,Calle Larga 3333,555-789321,Callejón Luna Residencial Jardines
846,Elena Rodríguez,Calle Ancha 4343,555-123456,Boulevard Lirios Pueblo Tranquilo
847,Raúl Rodríguez,Calle Santa Fe 2323,555-334455,Avenida Jacarandas Barrio Nuevo Sol
848,Sofía Rodríguez,Av. Castilla 5757,555-778822,Avenida Cedros Residencial Jardines
849,Isabel Sánchez,Calle Plazuela 5454,555-890335,Camino Luna Barrio del Lago
850,David González,Calle del Mar 2020,555-123987,Callejón Viento Sector Primavera
851,Marta López,Av. del Sol 2525,555-123478,Camino Rocío Residencial Horizonte
852,José Fernández,Plaza Independencia 5151,555-012208,Calle Olivo Pueblo Tranquilo
853,José Rodríguez,Calle del Prado 2828,555-345780,Camino Esperanza Barrio del Lago
854,Mario Sánchez,Calle Sol 4545,555-334466,Camino Esperanza Residencial Horizonte
855,Verónica González,Av. de las Flores 4848,555-456801,Calle Aurora Residencial Jardines
856,María González,Calle Luna 505,555-778811,Avenida Maravilla Barrio Norte
857,Pedro López,Calle Estrella 4646,555-234589,Callejón Central Pueblo Tranquilo
858,Pedro Sánchez,Av. Real 2121,555-123987,Camino Girasoles Colonia Pinos
859,José Manuel Martínez,Av. Roma 5252,555-567002,Callejón Olivo Fraccionamiento del Alba
860,Luis Pérez,Calle Naranja 1515,555-890335,Avenida Luna Barrio Norte
861,Juan Pérez,Av. Roma 5252,555-123578,Calle Estrella Barrio Nuevo Sol
862,Laura Gómez,Av. del Sol 2525,555-445577,Calle Magnolias Fraccionamiento Amanecer
863,David González,Plaza del Sol 3030,555-567002,Boulevard Central Barrio del Lago
864,María García,Calle Nueva 2626,555-789134,Camino Tranquilidad Barrio Norte
865,Juan José Pérez,Calle Cielo 1212,555-889922,Boulevard Arena Colonia Verde
866,María García,Calle Falsa 456,555-789634,Camino Viento Barrio del Lago
867,Joaquín Gómez,Calle Luna 4040,555-789634,Calle Primavera Fraccionamiento Luceros
868,Antonio Rodríguez,Plaza Mayor 4747,555-789321,Avenida Brisa Barrio Norte
869,Manuel Gómez,Calle del Río 3535,555-345210,Avenida Horizonte Sector Primavera
870,David González,Plaza del Sol 3030,555-445577,Boulevard Luna Fraccionamiento Amanecer
871,Beatriz Rodríguez,Calle Sierra 3939,555-654321,Boulevard Amapolas Pueblo Tranquilo
872,Luisa Rodríguez,Calle Arco Iris 1313,555-567412,Boulevard Girasoles Barrio Nuevo Sol
873,Adriana González,Plaza Independencia 5151,555-334455,Calle Amapolas Fraccionamiento Luceros
874,Antonio Rodríguez,Plaza Mayor 789,555-456801,Avenida Luna Colonia Pinos
875,José Antonio Martínez,Calle El Pilar 909,555-789134,Calle Bosques Colonia Verde
876,Luis Pérez,Calle Desierto 4242,555-901356,Callejón Horizonte Fraccionamiento del Alba
877,Fernando Pérez,Calle Larga 3333,555-789224,Callejón Estrella Fraccionamiento Amanecer
878,David López,Calle Desierto 4242,555-123456,Avenida Bosques Fraccionamiento del Alba
879,José Rodríguez,Av. del Sol 2525,555-345765,Camino Viento Colonia Verde
880,Marta Sánchez,Av. de los Reyes 606,555-234876,Avenida Bosques Fraccionamiento Luceros
881,Manuel Gómez,Calle Vista 3131,555-890210,Calle Almendros Barrio Norte
882,Ana López,Calle Larga 3333,555-992233,Callejón Jazmines Fraccionamiento Amanecer
883,Carlos Pérez,Calle Amistad 4949,555-345765,Boulevard Estrella Colonia Verde
884,Antonio Sánchez,Av. Constitución 1818,555-234876,Boulevard Horizonte Barrio Nuevo Sol
885,Joaquín Gómez,Calle Roque 5353,555-890210,Callejón Horizonte Residencial Jardines
886,Manuel Gómez,Calle de la Paz 5555,555-334455,Calle Arena Residencial Horizonte
887,Beatriz Pérez,Av. España 1010,555-345690,Calle Maravilla Pueblo Tranquilo
888,Elena González,Calle Real 101,555-123019,Avenida Rocío Sector Estrella
889,David López,Calle Sol 4545,555-667788,Camino Primavera Barrio Norte
890,Beatriz Rodríguez,Calle del Mar 2020,555-445577,Calle Primavera Residencial Horizonte
891,Carlos Sánchez,Calle Nueva 3232,555-234589,Camino Estrella Barrio del Lago
892,Elena González,Av. de la Paz 303,555-234589,Boulevard Jacarandas Pueblo Tranquilo
893,Martín López,Calle Falsa 456,555-901856,Callejón Luna Colonia Pinos
894,María González,Calle Desierto 4242,555-456891,Calle Rocío Fraccionamiento del Alba
895,Juan José Pérez,Calle Río 2424,555-112233,Boulevard Luna Fraccionamiento Luceros
896,Verónica González,Calle del Lago 3434,555-667788,Avenida Lirios Fraccionamiento del Alba
897,Raúl Rodríguez,Calle Luna 4040,555-123578,Camino Girasoles Sector Primavera
898,Pedro López,Av. Real 2121,555-345765,Calle Arena Fraccionamiento Amanecer
899,Cristina Fernández,Plaza del Sol 3030,555-990044,Boulevard Amapolas Colonia Verde
900,Martín Fernández,Calle Sol 4545,555-789321,Boulevard Jazmines Fraccionamiento Luceros
901,Javier Sánchez,Calle Sierra 3939,555-456654,Camino Rosas Barrio Norte
902,Verónica García,Calle Ancha 4343,555-998877,Calle Jacarandas Residencial Horizonte
903,Carlos Pérez,Av. de los Reyes 606,555-990044,Calle Sauces Barrio Norte
904,Raquel Sánchez,Calle Real 101,555-223344,Camino Cedros Colonia Verde
905,Fernando Pérez,Av. Castilla 5757,555-667700,Avenida Primavera Colonia Pinos
906,Javier González,Calle Santa Fe 2323,555-789012,Avenida Viento Barrio Norte
907,José Manuel Martínez,Calle San Juan 707,555-990044,Boulevard Aurora Barrio del Lago
908,Isabel Pérez,Av. España 1414,555-990044,Camino Jacarandas Colonia Pinos
909,Laura Gómez,Calle Falsa 456,555-990044,Boulevard Primavera Colonia Verde
910,Antonio Rodríguez,Calle del Lago 3434,555-123019,Avenida Rosas Fraccionamiento Amanecer
911,Fernando Pérez,Av. Siempre Viva 123,555-678023,Callejón Tranquilidad Sector Estrella
912,Javier Sánchez,Calle Estrella 4646,555-678523,Callejón Girasoles Fraccionamiento del Alba
913,Carlos Pérez,Av. de las Flores 4848,555-456311,Camino Horizonte Residencial Horizonte
914,Martín Fernández,Av. de los Reyes 4141,555-456801,Boulevard Arena Barrio Norte
915,Laura Gómez,Calle del Prado 2828,555-789134,Boulevard Primavera Residencial Horizonte
916,Carlos Martínez,Calle El Pilar 909,555-567002,Camino Cedros Pueblo Tranquilo
917,Pedro López,Calle Santa Fe 2323,555-998877,Calle Estrella Barrio Norte
918,Sofía Rodríguez,Calle del Río 3535,555-789224,Avenida Sauces Fraccionamiento Luceros
919,Javier Pérez,Av. Siempre Viva 123,555-123987,Calle Magnolias Colonia Verde
920,Francisco Rodríguez,Avenida Libertad 202,555-012967,Calle Aurora Fraccionamiento Luceros
921,José Rodríguez,Calle Larga 3333,555-901856,Camino Amapolas Fraccionamiento Amanecer
922,David González,Av. Siempre Viva 123,555-567912,Boulevard Arena Sector Estrella
923,Alicia Martínez,Calle de la Paz 5555,555-234679,Boulevard Jacarandas Residencial Jardines
924,Mario Sánchez,Calle Alta 1717,555-123478,Boulevard Girasoles Barrio Nuevo Sol
925,Laura Gómez,Calle San Juan 707,555-556677,Avenida Maravilla Barrio Norte
926,Javier Pérez,Calle Santa Fe 2323,555-234679,Camino Cedros Barrio del Lago
927,Laura Gómez,Calle de la Paz 5555,555-012208,Avenida Sauces Fraccionamiento Amanecer
928,Sofía Rodríguez,Calle Alta 1717,555-889922,Camino Brisa Colonia Pinos
929,Sofía Rodríguez,Av. de los Reyes 606,555-654321,Calle Rosas Residencial Horizonte
930,José Fernández,Av. de las Palmas 2727,555-223344,Callejón Aurora Residencial Jardines
931,Esteban Fernández,Plaza Mayor 2222,555-012967,Boulevard Lirios Colonia Verde
932,Isabel Sánchez,Calle Sierra 3939,555-345210,Callejón Magnolias Residencial Jardines
933,Pedro Sánchez,Av. Siempre Viva 123,555-223344,Boulevard Amapolas Barrio Nuevo Sol
934,Javier Sánchez,Calle Real 2929,555-567412,Calle Bosques Fraccionamiento Luceros
935,Carlos Martínez,Calle Ancha 4343,555-890745,Calle Brisa Fraccionamiento del Alba
936,Inés Pérez,Calle Desierto 4242,555-567912,Camino Estrella Residencial Jardines
937,Verónica González,Calle Estrella 4646,555-567002,Callejón Esperanza Barrio Norte
938,José Luis Martínez,Plaza Mayor 2222,555-789634,Avenida Jacarandas Barrio Nuevo Sol
939,Carlos Sánchez,Calle Ancha 4343,555-112244,Calle Almendros Residencial Jardines
940,Alicia Sánchez,Av. Roma 5252,555-890245,Avenida Horizonte Fraccionamiento Amanecer
941,José Rodríguez,Av. del Sol 2525,555-667799,Avenida Central Barrio Norte
942,Raúl Martínez,Calle Alta 1717,555-445566,Calle Río Azul Barrio del Lago
943,Laura Gómez,Calle Naranja 1515,555-667799,Boulevard Cedros Residencial Horizonte
944,David González,Plaza del Sol 3030,555-778811,Camino Aurora Sector Estrella
945,Elena González,Plaza Mayor 2222,555-123456,Callejón Viento Residencial Jardines
946,Beatriz Rodríguez,Av. de las Flores 4848,555-654321,Camino Aurora Colonia Pinos
947,Mario Sánchez,Calle Luna 505,555-556688,Camino Bosques Colonia Verde
948,Carlos Pérez,Av. Constitución 1818,555-123987,Avenida Maravilla Residencial Jardines
949,Juan Pérez,Calle Amistad 4949,555-234589,Boulevard Rosas Fraccionamiento del Alba
950,María González,Calle Los Pinos 1616,555-012208,Callejón Luna Residencial Jardines
951,Raquel Sánchez,Calle del Prado 2828,555-456801,Calle Amapolas Colonia Pinos
952,Antonio Rodríguez,Calle El Pilar 909,555-998877,Calle Jacarandas Barrio Norte
953,David López,Calle del Mar 2020,555-012467,Avenida Horizonte Sector Estrella
954,Cristina Fernández,Calle Larga 3333,555-123456,Avenida Jazmines Barrio Norte
955,José Antonio Martínez,Calle del Mar 2020,555-667799,Calle Maravilla Barrio Nuevo Sol
956,David González,Calle Naranja 1515,555-234109,Callejón Magnolias Residencial Jardines
957,Javier González,Calle Larga 3333,555-345780,Callejón Luna Colonia Verde
958,Patricia Gómez,Calle Real 2929,555-678023,Boulevard Rosas Sector Primavera
959,José Antonio Martínez,Av. de las Palmas 2727,555-778811,Boulevard Luna Sector Primavera
960,Antonio Rodríguez,Calle Real 101,555-234679,Avenida Olivo Residencial Horizonte
961,Mario Sánchez,Av. de la Luna 1919,555-678023,Avenida Brisa Fraccionamiento Amanecer
962,Joaquín Gómez,Calle Alta 1717,555-778822,Camino Jazmines Sector Estrella
963,Pedro Sánchez,Av. de la Luna 1919,555-223344,Callejón Río Azul Barrio Nuevo Sol
964,Sofía Rodríguez,Calle del Mar 2020,555-012208,Boulevard Sauces Residencial Horizonte
965,Fernando Pérez,Calle de la Paz 5555,555-456654,Callejón Río Azul Barrio del Lago
966,Ana López,Av. Roma 5252,555-789634,Avenida Amapolas Fraccionamiento Amanecer
967,Francisco Rodríguez,Calle Plazuela 5454,555-789012,Avenida Girasoles Colonia Verde
968,Carlos Sánchez,Calle Desierto 4242,555-012208,Calle Jazmines Sector Estrella
969,José Fernández,Calle del Lago 3434,555-890335,Boulevard Sauces Barrio del Lago
970,Esteban Fernández,Av. Roma 5252,555-345765,Boulevard Aurora Residencial Horizonte
971,María González,Calle Río 2424,555-012208,Camino Viento Pueblo Tranquilo
972,Patricia Gómez,Avenida Libertad 202,555-123478,Avenida Estrella Sector Primavera
973,Martín López,Calle Sol 3838,555-789134,Boulevard Amapolas Colonia Verde
974,Alicia Martínez,Av. de los Reyes 4141,555-012208,Calle Rosas Fraccionamiento Luceros
975,Alicia Martínez,Calle Amistad 4949,555-345690,Callejón Sauces Pueblo Tranquilo
976,Isabel Pérez,Calle Sol 4545,555-112244,Boulevard Jazmines Sector Estrella
977,Laura Gómez,Av. Roma 5252,555-789634,Boulevard Viento Fraccionamiento Amanecer
978,Juan José Pérez,Calle Los Pinos 1616,555-678523,Callejón Tranquilidad Residencial Horizonte
979,Antonio Martínez,Calle Cielo 1212,555-789134,Callejón Maravilla Barrio Norte
980,Joaquín Gómez,Calle del Sol 4444,555-556677,Boulevard Lirios Barrio Norte
981,Alicia Martínez,Calle Desierto 4242,555-234876,Calle Sauces Fraccionamiento Amanecer
982,Raúl Rodríguez,Calle Horizonte 5050,555-445577,Boulevard Estrella Residencial Jardines
983,José Manuel Martínez,Plaza del Sol 3030,555-890335,Calle Jacarandas Residencial Jardines
984,Adrián Rodríguez,Calle Sol 4545,555-789321,Camino Horizonte Barrio del Lago
985,Adrián Rodríguez,Calle Falsa 456,555-890245,Calle Jazmines Sector Estrella
986,Raúl Rodríguez,Calle del Río 3535,555-345690,Boulevard Jacarandas Fraccionamiento Luceros
987,Pedro Martínez,Calle del Sol 4444,555-012967,Camino Tranquilidad Colonia Pinos
988,Verónica González,Av. Constitución 1818,555-889933,Boulevard Olivo Fraccionamiento del Alba
989,David González,Plaza Independencia 5151,555-890210,Boulevard Aurora Fraccionamiento del Alba
990,Alicia Sánchez,Plaza del Sol 3030,555-998877,Calle Sauces Colonia Pinos
991,Carmen Pérez,Calle Alta 1717,555-234876,Callejón Río Azul Sector Estrella
992,Martín López,Calle Nueva 2626,555-345690,Calle Aurora Barrio Nuevo Sol
993,Juan Pérez,Plaza Independencia 5151,555-889933,Camino Almendros Colonia Pinos
994,Sofía Rodríguez,Calle Luna 4040,555-667700,Callejón Jazmines Barrio Nuevo Sol
995,Juan Pérez,Av. Real 2121,555-890335,Camino Central Fraccionamiento Luceros
996,José Antonio Martínez,Calle del Sol 4444,555-678113,Boulevard Arena Residencial Horizonte
997,María García,Av. Roma 5252,555-345780,Calle Arena Colonia Pinos
998,Carlos Martínez,Av. del Sol 2525,555-567543,Calle Jazmines Barrio del Lago
999,Sofía Rodríguez,Calle El Pilar 909,555-234876,Avenida Primavera Pueblo Tranquilo
1000,María González,Av. Castilla 5757,555-345210,Callejón Jacarandas Colonia Verde
